"Pillar","Product","Module","Feature","Feature Owner","Release","Status NFS","Status WN","Feature Category","Tags ( AI / Redwood/AI Agent)","FDR Id","FDR Url","DCFR Ranking","OUPM Name","Prod Mngr Name","CDL Name","OMBP Mapping","Training Required? ","Reason why NF content cannot be built?","Implementation Feature? [Y/N] ","Qualifies for Certification question","Maps to Base Exam ( Provide base exam name)","Map to Delta Exam ( Provide Delta exam name)","List the Courses Impacted","Implementation Learning Path","CDL Assessment Complete?","Recording Date","Feature Classification","Combined Feature Video Name","CDL Daily Status Update","Type of Issue","Details of the Issue faced ","Response Received","Issue Resolution Outcome","Generate PPT (Exit From Grid View)","PPT Link","Recording","Video Ready for Pick-up","Video Ready Date","Review Status","Send Fixes Email To CDL","Video Review Fixes","PP Required?","QA Required?","PP Notes","Ready for PP","PP Dispatch Date","Post Production Resource","Post Production Start Date","Video ID","PP Complete","Post Production End Date","QA Dispatch Date","QA Resource","QA Date","QA Observations","QA Fixes Notification","QA Fixes?","QA Fixes Complete","QA Result ( Pass/ Fixes)","QA Complete","Setup Dispatch Date","Existing Setup Data","Setup Date","Awaiting Setup Data","MyLearn Link to Video","Container ID","Component ID","Transcript ID","Setup Status","OUPM Final Sign-off","LP Name","LP Description","Course Name","Course Description","Course Benefits","Course Keywords","Course Filters To Be Associated","Module Name","Final Overall Status","Target Release Date","Target Release Tier","Actual Release Date","Actual Release Tier","Feature GCC"
"HCM","Human Resources","Global Human Resources","Control the Display of the Edit Icon in the Photo Section of the Personal Details Page","kathi.chenoweth@oracle.com","11.13.26.10.0","New","Published","Setup Required","Redwood Platform",,,,"Anitha","Niki","Rohit",,"No","Small Scale",,,,,,,"Yes",,"Single NF",,,,,,,,,,,,,,,,,,,,,,,,,,,,,,,,,,,,,,,,,,,,"What's New in Global Human Resources",,"Person",,,,,,,,,,,"26DHCM0001"
"HCM","Human Resources","Global Human Resources","Show the Person number Step in the Redwood Edit Pending Worker Process","cristina.greyling@oracle.com","11.13.26.10.0","New","Published","Ready to use, small scale with prerequisite","Redwood Platform",,,,"Anitha","Niki","Rohit","Organizational Design to Execution","Yes",,"No","No","1Z0-1046-26Oracle Global Human Resources Cloud Implementation Professional","1D0-1046-26-D Oracle Global Human Resources Cloud  Implementation Professional",,,"Yes","10/7/2026","Single NF",,,,,,,,,,,,,,,,,,,,,,,,,,,,,,,,,,,,,,,,,,,,"What's New in Global Human Resources",,"Person",,,,,,,,,,,"26DHCM0002"
"HCM","Recruiting","Recruiting","Access Job Offers from Candidate Experience and Opportunity Marketplace","viviane.filloles@oracle.com","11.13.26.10.0","Ready","Published","Ready to use, small scale",,,,,"Anitha","Niki","Sarah",,"Yes",,"No","No",,,,,"Yes",,,,,,,,,,,,,,,,,,,,,,,,,,,,,,,,,,,,,,,,,,,,,,"What's New in Recruiting",,"Recruiting",,,,,,,,,,,"26DHCM0003"
"HCM","Oracle Me Employee Experience","HCM Communicate","Access Your Employee Communities on the Employee Communities, Communications, and Events Hub","jagannadha.chaitanya.jayanti@oracle.com","11.13.26.10.0","Ready","Published","Ready to use, larger scale",,,,"NA","Anitha","Niki","Nigel","Workforce Goals to Performance","Yes","N/A","No","No",,,,,"Yes","10/7/2026","Single NF","N/A",,,,,,,"/teams/OUCloudAppsCurriculumProductManagementAutomation/Content%20Files/26D%20NF/HCM/Nigel/26DHCM0004-AccessYourEmployeeCommunitiesontheEmployeeCommunities,Communications,andEventsHub.pptx?web=1&action=edit",,,,,,,,,,,,,,,,,,,,,,,,,,,,,,,,,,,,"What's New in Time & Labor",,"HCM Communicate",,,,,,,,,,,"26DHCM0004"
"HCM","Human Resources","Global Human Resources","Add and View Collections Through Guided Journeys","shweta.ganguly@oracle.com","11.13.26.10.0","Ready","Published","Setup Required","Redwood Platform",,,"Medium","Anitha","Niki","Deb","Employee Onboarding to Retirement
","Yes",,"No","Yes","1Z0-1046-26Oracle Global Human Resources Cloud Implementation Professional","1D0-1046-26-D Oracle Global Human Resources Cloud  Implementation Professional","Oracle Fusion Cloud HCM: Journeys","Become a Certified Global Human Resources (Core HR) Implementer","WIP","10/23/2026","Combined Primary NF","Collection Tasks in Journeys",,,,,,,"/teams/OUCloudAppsCurriculumProductManagementAutomation/Content%20Files/26D%20NF/HCM/Deb/26DHCM0005-AddandViewCollectionsThroughGuidedJourneys.pptx?web=1&action=edit",,,,,,,,,,,,,,,,,,,,,,,,,,,,,,,,,,,,"What's New in Global Human Resources",,"Journeys",,,,,,,,,,,"26DHCM0005"
"HCM","Recruiting","Recruiting","Add Candidate Address Info During Candidate Creation","jessica.reilly@oracle.com","11.13.26.10.0","Ready","Published","Setup Required","Redwood Platform",,,,"Anitha","Niki","Sarah",,"Yes",,"No","No",,,,,"Yes",,,,,,,,,,,,,,,,,,,,,,,,,,,,,,,,,,,,,,,,,,,,,,"What's New in Recruiting",,"Recruiting",,,,,,,,,,,"26DHCM0006"
"HCM","Talent Management","Goal Management","Add Task Description to Library Goal Task","nancy.lang@oracle.com","11.13.26.10.0","Ready","Published","Setup Required","Redwood Platform",,,"NA","Anitha","Niki","Nigel","Workforce Goals to Performance","No","Does not fit scope","Yes","No",,,"Oracle Fusion Cloud HCM: Configure  Goal and Performance Management","Become a Certified Talent Management Implementer","Yes","10/7/2026","Single NF","N/A",,,,,,,,,,,,,,,,,,,,,,,,,,,,,,,,,,,,,,,,,,,"What's New in Talent Management",,"Goal Management",,,,,,,,,,,"26DHCM0007"
"HCM","Human Resources","Global Human Resources","Add Tasks to Collection Using AI Assistance","shweta.ganguly@oracle.com","11.13.26.10.0","Ready","Published","Setup Required","AI agent",,,"Medium","Anitha","Niki","Deb","Employee Onboarding to Retirement
","Yes",,"No","Yes","1Z0-1046-26Oracle Global Human Resources Cloud Implementation Professional","1D0-1046-26-D Oracle Global Human Resources Cloud  Implementation Professional","Oracle Fusion Cloud HCM: Journeys","Become a Certified Global Human Resources (Core HR) Implementer","WIP","10/23/2026","Single NF",,,,,,,,"/teams/OUCloudAppsCurriculumProductManagementAutomation/Content%20Files/26D%20NF/HCM/Deb/26DHCM0008-AddTaskstoCollectionUsingAIAssistance.pptx?web=1&action=edit",,,,,,,,,,,,,,,,,,,,,,,,,,,,,,,,,,,,"What's New in Global Human Resources",,"Journeys",,,,,,,,,,,"26DHCM0008"
"HCM","Compensation","Compensation","Additional Database Items Supported for Rates-based Salary Calculations","rajesh.jupudi@oracle.com","11.13.26.10.0","Ready","Published","Ready to use, small scale","Redwood Platform",,,,"Anitha","Niki","Kurt",,"No","Just additional values that used in rate definitions",,,,,,,,,,,,,,,,,,,,,,,,,,,,,,,,,,,,,,,,,,,,,,,,,,,,,"Become a Certified Compensation Implementer",,"What's New in Compensation",,,,,,,,,,,"26DHCM0009"
"HCM","Payroll","Global Payroll","Additional HR Database Items Enabled in Rates based Salary Calculations","maria.wood@oracle.com","11.13.26.10.0","New","Published","Ready to use, small scale",,,,,"Anitha","Niki","Kurt",,"No","Additional Values to select in rate definition",,,,,,,,,,,,,,,,,,,,,,,,,,,,,,,,,,,,,,,,,,,,,,,,,,,,,"What's New in Payroll",,"Global Payroll",,,,,,,,,,,"26DHCM0010"
"HCM","Human Resources","Global Human Resources","Additional Work Information Displayed in Assigned Journeys","shweta.ganguly@oracle.com","11.13.26.10.0","Ready","Published","Ready to use, small scale","Redwood Platform",,,"NA","Anitha","Niki","Deb","Employee Onboarding to Retirement
","Yes",,"No","Yes","1Z0-1046-26Oracle Global Human Resources Cloud Implementation Professional","1D0-1046-26-D Oracle Global Human Resources Cloud  Implementation Professional","Oracle Fusion Cloud HCM: Journeys","Become a Certified Global Human Resources (Core HR) Implementer","WIP","10/23/2026","Single NF",,,,,,,,"/teams/OUCloudAppsCurriculumProductManagementAutomation/Content%20Files/26D%20NF/HCM/Deb/26DHCM0011-AdditionalWorkInformationDisplayedinAssignedJourneys.pptx?web=1&action=edit",,,,,,,,,,,,,,,,,,,,,,,,,,,,,,,,,,,,"What's New in Global Human Resources",,"Journeys",,,,,,,,,,,"26DHCM0011"
"HCM","Compensation","Compensation","Adjust Budgets In Administer Workers","kathrine.marlow@oracle.com","11.13.26.10.0","Ready","Published","Ready to use, small scale with prerequisite","Redwood Platform",,,,"Anitha","Niki","Kurt","Compensation Plans to Reward","Yes",,"No","Yes","1Z0-1049-26Oracle Compensation Cloud Implementation Professional","1D0-1049-26-D Oracle Compensation Cloud  Implementation Professional","Oracle Fusion Cloud HCM Workforce Compensation","Become a Certified Compensation Implementer","WIP","10/23/2026","Combined Bundled NF","AdministerWorkersandBudgetAdjustments",,,,,,,,,,,,,,,,,,,,,,,,,,,,,,,,,,,,,,,,,,,"Become a Certified Compensation Implementer",,"What's New in Compensation",,,,,,,,,,,"26DHCM0012"
"HCM","Human Resources","Global Human Resources","Advanced Search Available for Department LOV on Redwood Workforce Structures Pages","ipsita.ghosh@oracle.com","11.13.26.10.0","New","Published","Setup Required","Redwood Platform",,,,"Anitha","Niki","Rohit",,"No","Small Scale",,,,,,,"Yes",,"Single NF",,,,,,,,,,,,,,,,,,,,,,,,,,,,,,,,,,,,,,,,,,,,"What's New in Global Human Resources",,"Workforce Structures",,,,,,,,,,,"26DHCM0013"
"HCM","Human Resources","Global Human Resources","Advanced Search Available for Job LOV on Redwood Workforce Structures Pages","ipsita.ghosh@oracle.com","11.13.26.10.0","New","Published","Setup Required","Redwood Platform",,,,"Anitha","Niki","Rohit",,"No","Similar feature covered",,,,,,,,,,,,,,,,,,,,,,,,,,,,,,,,,,,,,,,,,,,,,,,,,,,,,"What's New in Global Human Resources",,"Workforce Structures",,,,,,,,,,,"26DHCM0014"
"HCM","Human Resources","Global Human Resources","Advanced Search Available for Location LOV on Redwood Workforce Structures Pages","ipsita.ghosh@oracle.com","11.13.26.10.0","New","Published","Setup Required","Redwood Platform",,,,"Anitha","Niki","Rohit",,"No","Similar feature covered",,,,,,,,,,,,,,,,,,,,,,,,,,,,,,,,,,,,,,,,,,,,,,,,,,,,,"What's New in Global Human Resources",,"Workforce Structures",,,,,,,,,,,"26DHCM0015"
"HCM","HCM Common","HCM Data Loader","AI Agent: Data Load Advisor - Initiate HDL","ema.johnson@oracle.com","11.13.26.10.0","Ready","Published","Ready to use, small scale with prerequisite","AI agent",,,"NA","Anitha","Niki","Jess","NA","Yes","NA","No","No","N/A","N/A","HCM Importing Data","Data Conversion","Yes","10/6/2026","Single NF",,"Recorded & Uploaded For Review",,,,,,"/teams/OUCloudAppsCurriculumProductManagementAutomation/Content%20Files/26D%20NF/HCM/Jess/26DHCM0016-AIAgent-DataLoadAdvisor-InitiateHDL.pptx?web=1&action=edit",,,"10/5/2026 3:16 PM",,,,,,,,,,,,,,,,,,,,,,,,,,,,,,,,,"What's New in HCM Common",,"HCM Data Loader",,,,,,"In Review (A)",,,,,"26DHCM0016"
"HCM","HCM Common","HCM Spreadsheet Data Loader","AI Agent: Spreadsheet Data Loader Advisor Monitor Data Sets","ema.johnson@oracle.com","11.13.26.10.0","Ready","Published","Ready to use, small scale with prerequisite","AI agent",,,"NA","Anitha","Niki","Jess","NA","Yes","NA","No","No","N/A","N/A","HCM Importing Data","Data Conversion","Yes","10/7/2026","Single NF",,"PPT in Progress",,,,,,"/teams/OUCloudAppsCurriculumProductManagementAutomation/Content%20Files/26D%20NF/HCM/Jess/26DHCM0017-AIAgent-SpreadsheetDataLoaderAdvisorMonitorDataSets.pptx?web=1&action=edit",,,,,,,,,,,,,,,,,,,,,,,,,,,,,,,,,,,,"What's New in HCM Common",,"HCM Spreadsheet Data Loader",,,,,,,,,,,"26DHCM0017"
"HCM","Talent Management","Talent Management","AI Agentic App: Team Talent Calibration and Review Workspace Enhancements For Additional Rating Actions, Data Sources, and Talent Snapshot","andrew.gillibrand@oracle.com","11.13.26.10.0","In Review","Published","Ready to use, small scale with prerequisite","Agentic app,Redwood Platform",,,"NA","Anitha","Niki","Nigel","Workforce Goals to Performance","Yes","N/A","No","No",,,,,"Yes","10/7/2026","Single NF","N/A",,,,,,,,,,,,,,,,,,,,,,,,,,,,,,,,,,,,,,,,,,,"What's New in Talent Management",,"Talent Management Redwood",,,,,,,,,,,"26DHCM0018"
"HCM","Talent Management","Talent Review","AI-Driven and Improved Manager Experience for Talent Review Ratings Preparation","aashir.shroff@oracle.com","11.13.26.10.0","New","Published","Setup Required","GenAI,Redwood Platform",,,"NA","Anitha","Niki","Nigel","Workforce Goals to Performance ","Yes","N/A","No","No",,,"Oracle Fusion Cloud HCM: Succession Planning and Talent Reviews",,"Yes","10/7/2026","Single NF","N/A",,,,,,,"/teams/OUCloudAppsCurriculumProductManagementAutomation/Content%20Files/26D%20NF/HCM/Nigel/26DHCM0019-AI-DrivenandImprovedManagerExperienceforTalentReviewRatingsPreparation.pptx?web=1&action=edit",,,,,,,,,,,,,,,,,,,,,,,,,,,,,,,,,,,,"What's New in Talent Management",,"Talent Review",,,,,,,,,,,"26DHCM0019"
"HCM","Human Resources","Workforce Directory Management","Announcement - Automatic Upgrade to Connections Waterfall View in 27A","sonia.bourak.partouche@oracle.com","11.13.26.10.0","New","New","Ready to use, larger scale with prerequisite",,,,,"Anitha","Niki","Rohit",,"No","Announcement , nothing to Demo",,,,,,,,,,,,,,,,,,,,,,,,,,,,,,,,,,,,,,,,,,,,,,,,,,,,,"What's New in Global Human Resources",,"Workforce Directory Management",,,,,,,,,,,"26DHCM0020"
"HCM","Human Resources","Global Human Resources","Application-Wide Read-Only Mode Supported on Redwood Workforce Structures Pages","ipsita.ghosh@oracle.com","11.13.26.10.0","New","Published","Ready to use, small scale","Redwood Platform",,,,"Anitha","Niki","Rohit","Organizational Design to Execution","Yes",,"No","No","1Z0-1046-26Oracle Global Human Resources Cloud Implementation Professional","1D0-1046-26-D Oracle Global Human Resources Cloud  Implementation Professional",,,"Yes","10/7/2026","Single NF",,,,,,,,,,,,,,,,,,,,,,,,,,,,,,,,,,,,,,,,,,,,"What's New in Global Human Resources",,"Workforce Structures",,,,,,,,,,,"26DHCM0021"
"HCM","Human Resources","Workforce Directory Management","Assign goals and view consolidated actions and page properties in Team Activity Center","anuradha.subramanian@oracle.com","11.13.26.10.0","Ready","Published","Setup Required","Redwood Platform",,,,"Anitha","Niki","Rohit",,"No","Small Scale","No",,,,,,"Yes",,"Single NF",,,,,,,,,,,,,,,,,,,,,,,,,,,,,,,,,,,,,,,,,,,,"What's New in Global Human Resources",,"Workforce Directory Management",,,,,,,,,,,"26DHCM0022"
"HCM","Human Resources","Global Human Resources","Assign Journey Tasks to Performer Groups","shweta.ganguly@oracle.com","11.13.26.10.0","Ready","Published","Setup Required","Redwood Platform",,,"Medium","Anitha","Niki","Deb","Employee Onboarding to Retirement
","Yes",,"No","Yes","1Z0-1046-26Oracle Global Human Resources Cloud Implementation Professional","1D0-1046-26-D Oracle Global Human Resources Cloud  Implementation Professional","Oracle Fusion Cloud HCM: Journeys","Become a Certified Global Human Resources (Core HR) Implementer","WIP","10/23/2026","Single NF",,,,,,,,"/teams/OUCloudAppsCurriculumProductManagementAutomation/Content%20Files/26D%20NF/HCM/Deb/26DHCM0023-AssignJourneyTaskstoPerformerGroups.pptx?web=1&action=edit",,,,,,,,,,,,,,,,,,,,,,,,,,,,,,,,,,,,"What's New in Global Human Resources",,"Journeys",,,,,,,,,,,"26DHCM0023"
"HCM","Learning and Development","Learning Experience and Management","Audit Learning Catalog Changes","surreash.kcumar@oracle.com","11.13.26.10.0","Ready","Published","Ready to use, small scale","Redwood Platform",,,,"Anitha","Niki","TBD",,,,,,,,,,,,,,,,,,,,,,,,,,,,,,,,,,,,,,,,,,,,,,,,,,,,,,,,"What's New in Talent Management",,"Learning",,,,,,,,,,,"26DHCM0024"
"HCM","Talent Management","Talent Review","Auto-Save Status Updates for Talent Review","aashir.shroff@oracle.com","11.13.26.10.0","New","Published","Ready to use, small scale","Redwood Platform",,,"NA","Anitha","Niki","Nigel","Workforce Goals to Performance ","No","Does not fit scope","No","No",,,,,"Yes","10/8/2026",,,,,,,,,,,,,,,,,,,,,,,,,,,,,,,,,,,,,,,,,,,,,"What's New in Talent Management",,"Talent Review",,,,,,,,,,,"26DHCM0025"
"HCM","Opportunity Marketplace","Opportunity Marketplace","Automate Candidate Referral Creation","allison.nicholson@oracle.com","11.13.26.10.0","Ready","Published","Setup Required","AI agent",,,,"Anitha","Niki","Sarah",,"TBD","If Agent is available","Yes","No",,,,,"WIP",,,,,,,,,,,,,,,,,,,,,,,,,,,,,,,,,,,,,,,,,,,,,,"What's New in Opportunity Marketplace",,"Opportunity Marketplace",,,,,,,,,,,"26DHCM0026"
"HCM","Payroll","Payroll for India","Automatically Associate Tax Reporting Units for the Employees","prabhakar.mangaladass@oracle.com","11.13.26.10.0","New","In Review","Ready to use, small scale",,,,,"Anitha","Niki","Kurt",,"TBD","Not sure maintained in POD",,,,,,,,,,,,,,,,,,,,,,,,,,,,,,,,,,,,,,,,,,,,,,,,,,,,,"What's New in Payroll",,"Payroll for India",,,,,,,,,,,"26DHCM0027"
"HCM","Recruiting","Recruiting","Automatically Process Job Offers with Add Additional Assignment Action for Employees with Multiple Assignments","viviane.filloles@oracle.com","11.13.26.10.0","Ready","Published","Setup Required","Redwood Platform",,,,"Anitha","Niki","Sarah",,"No","Too much setup to demo","Yes","No",,,"Oracle Fusion Cloud HCM: Recruiting ",,"Yes",,,,,,,,,,,,,,,,,,,,,,,,,,,,,,,,,,,,,,,,,,,,,,"What's New in Recruiting",,"Recruiting",,,,,,,,,,,"26DHCM0028"
"HCM","Payroll","Payroll for Ireland","Base Balances for Statutory Deduction Report","joanne.slevin@oracle.com","11.13.26.10.0","Ready","Published","Ready to use, small scale",,,,,"Anitha","Niki","Kurt",,"No","Not maintained in POD",,,,,,,,,,,,,,,,,,,,,,,,,,,,,,,,,,,,,,,,,,,,,,,,,,,,,"What's New in Payroll",,"Global Payroll",,,,,,,,,,,"26DHCM0029"
"HCM","Benefits","Benefits","Benefits Administration Command Center","tamara.d.mills@oracle.com","11.13.26.10.0","New","Published","Setup Required","Agentic app",,,"High","Anitha","Niki","Deb","Benefits Enrollment To Coverage","Yes",,"No","Yes","1Z0-1053-26Oracle Benefits Cloud Implementation Professional","1D0-1053-26 -D Oracle Benefits Cloud  Implementation Professional","Oracle Fusion Cloud HCM: Benefits","Become a Certified Benefits Implementer","WIP","10/23/2026","Single NF",,,,,,,,"/teams/OUCloudAppsCurriculumProductManagementAutomation/Content%20Files/26D%20NF/HCM/Deb/26DHCM0030-BenefitsAdministrationCommandCenter.pptx?web=1&action=edit",,,,,,,,,,,,,,,,,,,,,,,,,,,,,,,,,,,,"What’s New in Benefits",,"Benefits",,,,,,,,,,,"26DHCM0030"
"HCM","Compensation","Compensation","Bulk Approve Progressions and Salary Updates","rajesh.jupudi@oracle.com","11.13.26.10.0","Ready","Published","Setup Required","Redwood Platform",,,,"Anitha","Niki","Kurt","Compensation Plans to Reward","Yes",,"No","Yes","1Z0-1049-26Oracle Compensation Cloud Implementation Professional","1D0-1049-26-D Oracle Compensation Cloud  Implementation Professional","Oracle Fusion Cloud HCM: Base Compensation","Become a Certified Compensation Implementer","WIP","10/23/2026","Single NF",,,,,,,,,,,,,,,,,,,,,,,,,,,,,,,,,,,,,,,,,,,,"Become a Certified Compensation Implementer",,"What's New in Compensation",,,,,,,,,,,"26DHCM0031"
"HCM","Payroll","Payroll for India","Bulk Upload of Bills and Leave Travel Allowance Claims","prabhakar.mangaladass@oracle.com","11.13.26.10.0","New","Published","Ready to use, small scale",,,,,"Anitha","Niki","Kurt",,"TBD","Not sure maintained in POD",,,,,,,,,,,,,,,,,,,,,,,,,,,,,,,,,,,,,,,,,,,,,,,,,,,,,"What's New in Payroll",,"Payroll for India",,,,,,,,,,,"26DHCM0032"
"HCM","HCM Common","HCM Data Loader","Business Object Enhancements","ema.johnson@oracle.com","11.13.26.10.0","Ready","Published","Ready to use, small scale",,,,"NA","Anitha","Niki","Jess","NA","No","No to low impact; self explanatory","No","No","N/A","N/A","N/A",,"Yes",,,,,,,,,,,,,,,,,,,,,,,,,,,,,,,,,,,,,,,,,,,,,,"What's New in HCM Common",,"HCM Data Loader",,,,,,,,,,,"26DHCM0033"
"HCM","Talent Management","Talent Management","Calibrate Performance Document Ratings in Talent Review","andrew.gillibrand@oracle.com","11.13.26.10.0","Ready","Published","Setup Required","Redwood Platform",,,"NA","Anitha","Niki","Nigel","Workforce Goals to Performance","No","Does not fit scope","No","Yes","1Z0-1052-26Oracle Talent Management Cloud Implementation Professional","1D0-1052-26-D Oracle Talent Management Cloud  Implementation Professional","Oracle Fusion Cloud HCM: Configure Goals and Performance Management",,"Yes","10/8/2026","Single NF","N/A",,,,,,,,,,,,,,,,,,,,,,,,,,,,,,,,,,,,,,,,,,,"What's New in Talent Management",,"Talent Management Redwood",,,,,,,,,,,"26DHCM0034"
"HCM","Recruiting","Recruiting Booster","Career Coach Enhancements: Use Text Assistant for WhatsApp Messages","manasa.majji@oracle.com","11.13.26.10.0","Ready","Published","Setup Required","AI agent,Redwood Platform",,,,"Anitha","Niki","Sarah",,"No","Can't demo WhatsApp","No","No",,,,,"Yes",,,,,,,,,,,,,,,,,,,,,,,,,,,,,,,,,,,,,,,,,,,,,,"What's New in Recruiting",,"Recruiting Booster",,,,,,,,,,,"26DHCM0035"
"HCM","Talent Management","Touchpoints","Coaching Insights for your Team Using Manager Coaching Workspace","ramasubramanian.b.balasundara@oracle.com","11.13.26.10.0","New","In Review","Setup Required",,,,"High","Anitha","Niki","Nigel","Workforce Goals to Performance","Yes","N/A","Yes","Yes","1Z0-1052-26Oracle Talent Management Cloud Implementation Professional","1D0-1052-26-D Oracle Talent Management Cloud  Implementation Professional",,,"Yes","10/8/2026","Single NF","N/A",,,,,,,"/teams/OUCloudAppsCurriculumProductManagementAutomation/Content%20Files/26D%20NF/HCM/Nigel/26DHCM0036-CoachingInsightsforyourTeamUsingManagerCoachingWorkspace.pptx?web=1&action=edit",,,,,,,,,,,,,,,,,,,,,,,,,,,,,,,,,,,,"What's New in Talent Management",,"Touchpoints",,,,,,,,,,,"26DHCM0036"
"HCM","Oracle Me Employee Experience","HCM Communicate","Collect Feedback Using Flexible Feedback Questionnaires for Employee Events","vinay.kumar.chittimilla@oracle.com","11.13.26.10.0","Ready","Published","Ready to use, small scale","AI agent,Redwood Platform",,,"NA","Anitha","Niki","Nigel","Workforce Goals to Performance","Yes","N/A","No","No",,,,,"Yes","10/8/2026","Single NF","N/A",,,,,,,"/teams/OUCloudAppsCurriculumProductManagementAutomation/Content%20Files/26D%20NF/HCM/Nigel/26DHCM0037-CollectFeedbackUsingFlexibleFeedbackQuestionnairesforEmployeeEvents.pptx?web=1&action=edit",,,,,,,,,,,,,,,,,,,,,,,,,,,,,,,,,,,,"What's New in Time & Labor",,"HCM Communicate",,,,,,,,,,,"26DHCM0037"
"HCM","Human Resources","Global Human Resources","Collection Task Available As Nudge Channel","shweta.ganguly@oracle.com","11.13.26.10.0","Ready","Published","Ready to use, small scale","Redwood Platform",,,"Medium","Anitha","Niki","Deb","Employee Onboarding to Retirement
","Yes",,"No","Yes","1Z0-1046-26Oracle Global Human Resources Cloud Implementation Professional","1D0-1046-26-D Oracle Global Human Resources Cloud  Implementation Professional","Oracle Fusion Cloud HCM: Journeys","Become a Certified Global Human Resources (Core HR) Implementer","WIP","10/23/2026","Single NF",,,,,,,,"/teams/OUCloudAppsCurriculumProductManagementAutomation/Content%20Files/26D%20NF/HCM/Deb/26DHCM0038-CollectionTaskAvailableAsNudgeChannel.pptx?web=1&action=edit",,,,,,,,,,,,,,,,,,,,,,,,,,,,,,,,,,,,"What's New in Global Human Resources",,"Journeys",,,,,,,,,,,"26DHCM0038"
"HCM","Human Resources","Global Human Resources","Collection Tasks Available on My Tasks Tab","shweta.ganguly@oracle.com","11.13.26.10.0","Ready","Published","Setup Required","Redwood Platform",,,"Medium","Anitha","Niki","Deb","Employee Onboarding to Retirement","Yes",,"No","Yes","1Z0-1046-26Oracle Global Human Resources Cloud Implementation Professional","1D0-1046-26-D Oracle Global Human Resources Cloud  Implementation Professional","Oracle Fusion Cloud HCM: Journeys","Become a Certified Global Human Resources (Core HR) Implementer","WIP","10/23/2026","Combined Bundled NF","Collection Tasks in Journeys",,,,,,,,,,,,,,,,,,,,,,,,,,,,,,,,,,,,,,,,,,,"What's New in Global Human Resources",,"Journeys",,,,,,,,,,,"26DHCM0039"
"HCM","Workforce Scheduling","Workforce Scheduling","Configure Editable Past Schedule Periods and Worker Search Fields","sangeeta.t.trivedi@oracle.com","11.13.26.10.0","Ready","Published","Setup Required",,,,"NA","Anitha","Niki","Jess","Workforce Schedule to Payment","Yes","NA","No","No","N/A","N/A","Workforce Scheduling",,"Yes","10/7/2026","Single NF",,"PPT in Progress",,,,,,"/teams/OUCloudAppsCurriculumProductManagementAutomation/Content%20Files/26D%20NF/HCM/Jess/26DHCM0040-ConfigureEditablePastSchedulePeriodsandWorkerSearchFields.pptx?web=1&action=edit",,,,,,,,,,,,,,,,,,,,,,,,,,,,,,,,,,,,"What's New in Reporting",,"Workforce Scheduling",,,,,,,,,,,"26DHCM0040"
"HCM","Human Resources","Global Human Resources","Configure HCM Search Views for Redwood Departments Search Page","ipsita.ghosh@oracle.com","11.13.26.10.0","New","Published","Setup Required",,,,,"Anitha","Niki","Rohit",,"No","Similar feature covered",,,,,,,,,,,,,,,,,,,,,,,,,,,,,,,,,,,,,,,,,,,,,,,,,,,,,"What's New in Global Human Resources",,"Workforce Structures",,,,,,,,,,,"26DHCM0041"
"HCM","Human Resources","Global Human Resources","Configure HCM Search Views for Redwood Locations Search Page","ipsita.ghosh@oracle.com","11.13.26.10.0","New","Published","Setup Required","Redwood Platform",,,,"Anitha","Niki","Rohit",,"No","Similar feature covered",,,,,,,,,,,,,,,,,,,,,,,,,,,,,,,,,,,,,,,,,,,,,,,,,,,,,"What's New in Global Human Resources",,"Workforce Structures",,,,,,,,,,,"26DHCM0042"
"HCM","Human Resources","Global Human Resources","Configure HCM Search Views for Redwood Positions Search Page","ipsita.ghosh@oracle.com","11.13.26.10.0","New","Published","Setup Required","Redwood Platform",,,,"Anitha","Niki","Rohit",,"No","Small Scale",,,,,,,"Yes",,"Single NF",,,,,,,,,,,,,,,,,,,,,,,,,,,,,,,,,,,,,,,,,,,,"What's New in Global Human Resources",,"Workforce Structures",,,,,,,,,,,"26DHCM0043"
"HCM","Recruiting","Recruiting","Configure Offer Letter Options","viviane.filloles@oracle.com","11.13.26.10.0","Ready","Published","Setup Required","Redwood Platform",,,,"Anitha","Niki","Sarah",,"Yes",,"Yes","Yes",,"1D0-1069-26-D Oracle Recruiting Cloud  Implementation Professional","Oracle Fusion Cloud HCM: Recruiting ",,"Yes",,,,,,,,,,,,,,,,,,,,,,,,,,,,,,,,,,,,,,,,,,,,,,"What's New in Recruiting",,"Recruiting",,,,,,,,,,,"26DHCM0044"
"HCM","Talent Management","Performance Management","Configure Performance Documents with Additional VB Studio Page Properties and Contexts","andrew.gillibrand@oracle.com","11.13.26.10.0","In Review","Published","Setup Required","Redwood Platform",,,"NA","Anitha","Niki","Nigel","Workforce Goals to Performance","No","Does not fit scope","Yes","Yes","1Z0-1052-26Oracle Talent Management Cloud Implementation Professional","1D0-1052-26-D Oracle Talent Management Cloud  Implementation Professional","Oracle Fusion Cloud HCM: Configure Goal and Performance Management","Become a Certified Talent Management Implementer","Yes","10/9/2026","Single NF","N/A",,,,,,,,,,,,,,,,,,,,,,,,,,,,,,,,,,,,,,,,,,,"What's New in Talent Management",,"Performance Management",,,,,,,,,,,"26DHCM0045"
"HCM","Human Resources","Workforce Directory Management","Configure Social Network Types in Connections Edit Profile for Waterfall View","sonia.bourak.partouche@oracle.com","11.13.26.10.0","New","New","Setup Required",,,,,"Anitha","Niki","Rohit",,"No","Feature not available on readiness portal",,,,,,,,,,,,,,,,,,,,,,,,,,,,,,,,,,,,,,,,,,,,,,,,,,,,,"What's New in Global Human Resources",,"Workforce Directory Management",,,,,,,,,,,"26DHCM0046"
"HCM","Recruiting","Recruiting","Configure Targeted Job Alerts for Candidates","sreenija.mattam@oracle.com","11.13.26.10.0","Ready","Published","Setup Required",,,,"Low","Anitha","Niki","Sarah",,"Yes",,"Yes","Yes",,"1D0-1069-26-D Oracle Recruiting Cloud  Implementation Professional","Oracle Fusion Cloud HCM: Recruiting ",,"Yes",,,,,,,,,,,,,,,,,,,,,,,,,,,,,,,,,,,,,,,,,,,,,,"What's New in Recruiting",,"Recruiting",,,,,,,,,,,"26DHCM0047"
"HCM","Human Resources","Global Human Resources","Configure Termination and Resignation Dates in Redwood","cristina.greyling@oracle.com","11.13.26.10.0","New","Published","Setup Required","Redwood Platform",,,,"Anitha","Niki","Rohit","Organizational Design to Execution","No",,,,,,,,"Yes",,"Single NF",,,,,,,,,,,,,,,,,,,,,,,,,,,,,,,,,,,,,,,,,,,,"What's New in Global Human Resources",,"Employment Processes",,,,,,,,,,,"26DHCM0048"
"HCM","Recruiting","Recruiting","Configure the Candidate Search Page to Default to Keyword Search","reinier.groen.in.t.woud@oracle.com","11.13.26.10.0","Ready","Published","Setup Required","Redwood Platform",,,,"Anitha","Niki","Sarah",,"Yes",,"Yes","No",,"1D0-1069-26-D Oracle Recruiting Cloud  Implementation Professional","Oracle Fusion Cloud HCM: Recruiting ",,"Yes",,,,,,,,,,,,,,,,,,,,,,,,,,,,,,,,,,,,,,,,,,,,,,"What's New in Recruiting",,"Recruiting",,,,,,,,,,,"26DHCM0049"
"HCM","Recruiting","Recruiting","Configure the Display of Filters on Candidate Lists","reinier.groen.in.t.woud@oracle.com","11.13.26.10.0","Ready","Published","Setup Required","Redwood Platform",,,,"Anitha","Niki","Sarah",,"Yes",,"Yes","Yes",,"1D0-1069-26-D Oracle Recruiting Cloud  Implementation Professional","Oracle Fusion Cloud HCM: Recruiting ",,"Yes",,,,,,,,,,,,,,,,,,,,,,,,,,,,,,,,,,,,,,,,,,,,,,"What's New in Recruiting",,"Recruiting",,,,,,,,,,,"26DHCM0050"
"HCM","Opportunity Marketplace","Opportunity Marketplace","Configure the Worksite Field for Location Preferences","kathy.dipaola@oracle.com","11.13.26.10.0","Ready","Published","Setup Required","Redwood Platform",,,,"Anitha","Niki","Sarah",,"Yes",,"No","No",,,,,"Yes",,,,,,,,,,,,,,,,,,,,,,,,,,,,,,,,,,,,,,,,,,,,,,"What's New in Opportunity Marketplace",,"Opportunity Marketplace",,,,,,,,,,,"26DHCM0051"
"HCM","Recruiting","Recruiting","Configure Vanity Display Name for User-Initiated Emails","manasa.majji@oracle.com","11.13.26.10.0","Ready","Published","Setup Required",,,,,"Anitha","Niki","Sarah",,"Yes",,"Yes","Yes",,"1D0-1069-26-D Oracle Recruiting Cloud  Implementation Professional","Oracle Fusion Cloud HCM: Recruiting ",,"Yes",,,,,,,,,,,,,,,,,,,,,,,,,,,,,,,,,,,,,,,,,,,,,,"What's New in Recruiting",,"Recruiting",,,,,,,,,,,"26DHCM0052"
"HCM","Recruiting","Recruiting","Control Automatic Candidate Resume Attachment to Job Offers","viviane.filloles@oracle.com","11.13.26.10.0","Ready","Published","Setup Required","Redwood Platform",,,,"Anitha","Niki","Sarah",,"Yes",,"Yes","Yes",,"1D0-1069-26-D Oracle Recruiting Cloud  Implementation Professional","Oracle Fusion Cloud HCM: Recruiting ",,"Yes",,,,,,,,,,,,,,,,,,,,,,,,,,,,,,,,,,,,,,,,,,,,,,"What's New in Recruiting",,"Recruiting",,,,,,,,,,,"26DHCM0053"
"HCM","Recruiting","Recruiting","Control Delayed Candidate Notifications in Selection Processes","nicolas.pelletier@oracle.com","11.13.26.10.0","Ready","Published","Setup Required","Redwood Platform",,,,"Anitha","Niki","Sarah",,"Yes",,"Yes","Yes",,"1D0-1069-26-D Oracle Recruiting Cloud  Implementation Professional","Oracle Fusion Cloud HCM: Recruiting ",,"Yes",,,,,,,,,,,,,,,,,,,,,,,,,,,,,,,,,,,,,,,,,,,,,,"What's New in Recruiting",,"Recruiting",,,,,,,,,,,"26DHCM0054"
"HCM","Human Resources","Global Human Resources","Control the Display of Actions in the My Contacts Section of the Family and Emergency Contacts Page","kathi.chenoweth@oracle.com","11.13.26.10.0","In Review","Published","Setup Required","Redwood Platform",,,,"Anitha","Niki","Rohit",,"No","Small Scale",,,,,,,"Yes",,"Single NF",,,,,,,,,,,,,,,,,,,,,,,,,,,,,,,,,,,,,,,,,,,,"What's New in Global Human Resources",,"Person",,,,,,,,,,,"26DHCM0055"
"HCM","Compensation","Compensation","Control Visibility of Adjustment Amount and Percentage Separately in Compensation Spotlight","rajesh.jupudi@oracle.com","11.13.26.10.0","Ready","Published","Ready to use, small scale","Redwood Platform",,,,"Anitha","Niki","Kurt","Compensation Plans to Reward","Yes",,"No","Yes","1Z0-1049-26Oracle Compensation Cloud Implementation Professional","1D0-1049-26-D Oracle Compensation Cloud  Implementation Professional","Oracle Fusion Cloud HCM: Base Compensation","Become a Certified Compensation Implementer","WIP","10/23/2026","Single NF",,,,,,,,,,,,,,,,,,,,,,,,,,,,,,,,,,,,,,,,,,,,"Become a Certified Compensation Implementer",,"What's New in Compensation",,,,,,,,,,,"26DHCM0056"
"HCM","Talent Management","Performance Management","Create Anytime Performance Documents Using Data Loader","andrew.gillibrand@oracle.com","11.13.26.10.0","In Review","Published","Setup Required",,,,"NA","Anitha","Niki","Nigel","Workforce Goals to Performance","No","Does not fit scope","Yes","No",,,"Oracle Fusion Cloud HCM: Configure Goal and Performance Management","Become a Certified Talent Management Implementer","Yes","10/15/2026","Single NF","N/A",,,,,,,,,,,,,,,,,,,,,,,,,,,,,,,,,,,,,,,,,,,"What's New in Talent Management",,"Performance Management",,,,,,,,,,,"26DHCM0057"
"HCM","Human Resources","Global Human Resources","Create Business Rules to Identify Duplicate Family and Emergency Contacts","kathi.chenoweth@oracle.com","11.13.26.10.0","In Review","Published","Setup Required","Redwood Platform",,,,"Anitha","Niki","Rohit",,"No","Similar feature covered",,,,,,,,,,,,,,,,,,,,,,,,,,,,,,,,,,,,,,,,,,,,,,,,,,,,,"What's New in Global Human Resources",,"Person",,,,,,,,,,,"26DHCM0058"
"HCM","Recruiting","Recruiting","Create Data-Driven Salary Recommendation and Offer Creation Assistance using Job Applicant Advisor","viviane.filloles@oracle.com","11.13.26.10.0","Ready","Published","Setup Required","AI agent,Redwood Platform",,,"Medium","Anitha","Niki","Sarah",,"TBD","If Agent is available","Yes","Yes",,"1D0-1069-26-D Oracle Recruiting Cloud  Implementation Professional","Oracle Fusion Cloud HCM: Recruiting ",,"Yes",,,,,,,,,,,,,,,,,,,,,,,,,,,,,,,,,,,,,,,,,,,,,,"What's New in Recruiting",,"Recruiting",,,,,,,,,,,"26DHCM0059"
"HCM","Recruiting","Recruiting Booster","Create Interview Loops","nicolas.pelletier@oracle.com","11.13.26.10.0","Ready","Published","Setup Required","AI agent",,,,"Anitha","Niki","Sarah",,"Yes",,"Yes","Yes",,"1D0-1069-26-D Oracle Recruiting Cloud  Implementation Professional","Oracle Fusion Cloud HCM: Recruiting ",,"Yes",,,,,,,,,,,,,,,,,,,,,,,,,,,,,,,,,,,,,,,,,,,,,,"What's New in Recruiting",,"Recruiting Booster",,,,,,,,,,,"26DHCM0060"
"HCM","Learning and Development","Learning Experience and Management","Create Task-Based Self-Paced Learning Using Rich Text Instructions","surreash.kcumar@oracle.com","11.13.26.10.0","Ready","Published","Ready to use, small scale","Redwood Platform",,,,"Anitha","Niki","TBD",,,,,,,,,,,,,,,,,,,,,,,,,,,,,,,,,,,,,,,,,,,,,,,,,,,,,,,,"What's New in Talent Management",,"Learning",,,,,,,,,,,"26DHCM0061"
"HCM","Recruiting","Recruiting","Customize and Improve the Candidate Application Experience","sreenija.mattam@oracle.com","11.13.26.10.0","Ready","Published","Setup Required",,,,"Medium","Anitha","Niki","Sarah",,"Yes",,"Yes","Yes",,"1D0-1069-26-D Oracle Recruiting Cloud  Implementation Professional","Oracle Fusion Cloud HCM: Recruiting ",,"Yes",,,,,,,,,,,,,,,,,,,,,,,,,,,,,,,,,,,,,,,,,,,,,,"What's New in Recruiting",,"Recruiting",,,,,,,,,,,"26DHCM0062"
"HCM","Absence Management","Absence Management","Dedicated Security Role for Absences and Entitlements","amarja.l.lokare@oracle.com","11.13.26.10.0","Ready","Published","Setup Required",,,,"Medium","Anitha","Niki","Nigel","Absence Policy to Compliance","No","Does not fit scope","Yes","Yes","1Z0-1047-26Oracle Absence Management Cloud Implementation Professional","1D0-1047-26-D Oracle Absence Management Cloud  Implementation Professional","Oracle Fusion Cloud HCM: Absence Management","Become a certified absence management implementer","Yes","10/6/2026","Single NF","N/A",,,,,,,"/teams/OUCloudAppsCurriculumProductManagementAutomation/Content%20Files/26D%20NF/HCM/Nigel/26DHCM0063-DedicatedSecurityRoleforAbsencesandEntitlements.pptx?web=1&action=edit",,,,,,,,,,,,,,,,,,,,,,,,,,,,,,,,,,,,"What's New in Absence Management",,"Absence Management",,,,,,,,,,,"26DHCM0063"
"HCM","Recruiting","Recruiting","Default the Hiring Manager on Position-Based Requisitions","nicolas.pelletier@oracle.com","11.13.26.10.0","Ready","Published","Setup Required","Redwood Platform",,,,"Anitha","Niki","Sarah",,"Yes",,"Yes","Yes",,"1D0-1069-26-D Oracle Recruiting Cloud  Implementation Professional","Oracle Fusion Cloud HCM: Recruiting ",,"Yes",,,,,,,,,,,,,,,,,,,,,,,,,,,,,,,,,,,,,,,,,,,,,,"What's New in Recruiting",,"Recruiting",,,,,,,,,,,"26DHCM0064"
"HCM","Oracle Me Employee Experience","HCM Communicate","Delivery of direct messaging Slack and Teams","lalatendu.patnaik@oracle.com","11.13.26.10.0","New","New",,,,,"NA","Anitha","Niki","Nigel","Workforce Goals to Performance","No","Does not fit scope","No","No",,,,,"Yes",,,,,,,,,,,,,,,,,,,,,,,,,,,,,,,,,,,,,,,,,,,,,,"What's New in Time & Labor",,"HCM Communicate",,,,,,,,,,,"26DHCM0065"
"HCM","Human Resources","Global Human Resources","Deprecating the Representative Agent (Supervisor Agent Type)","stephanie.moxley@oracle.com","11.13.26.10.0","In Review","Published","Ready to use, small scale","AI agent",,,,"Anitha","Niki","Rohit",,"No","Announcement , nothing to Demo",,,,,,,,,,,,,,,,,,,,,,,,,,,,,,,,,,,,,,,,,,,,,,,,,,,,,"What's New in Global Human Resources",,"Person",,,,,,,,,,,"26DHCM0066"
"HCM","Oracle Me Employee Experience","HCM Communicate","Designate Employee Events as Private","vinay.kumar.chittimilla@oracle.com","11.13.26.10.0","Ready","Published","Ready to use, small scale","Redwood Platform",,,"NA","Anitha","Niki","Nigel","Workforce Goals to Performance","No","Does not fit scope","No","No",,,,,"Yes","10/12/2026","Single NF","N/A",,,,,,,"/teams/OUCloudAppsCurriculumProductManagementAutomation/Content%20Files/26D%20NF/HCM/Nigel/26DHCM0067-DesignateEmployeeEventsasPrivate.pptx?web=1&action=edit",,,,,,,,,,,,,,,,,,,,,,,,,,,,,,,,,,,,"What's New in Time & Labor",,"HCM Communicate",,,,,,,,,,,"26DHCM0067"
"HCM","Payroll","Payroll for Ireland","Determine Irish Statutory Sick Pay and Illness Benefit Eligibility Using Absence Dates","mihaela.butnaru@oracle.com","11.13.26.10.0","Ready","Published","Ready to use, small scale",,,,,"Anitha","Niki","Kurt",,"No","Not maintained in POD",,,,,,,,,,,,,,,,,,,,,,,,,,,,,,,,,,,,,,,,,,,,,,,,,,,,,"What's New in Payroll",,"Global Payroll",,,,,,,,,,,"26DHCM0068"
"HCM","Payroll","Payroll for Canada","Direct Deposit File Enhanced to Support RBC Routing Record","garrick.bassey@oracle.com","11.13.26.10.0","New","Published","Ready to use, small scale",,,,,"Anitha","Niki","Kurt",,"TBD","Not sure maintained in POD",,,,,,,,,,,,,,,,,,,,,,,,,,,,,,,,,,,,,,,,,,,,,,,,,,,,,"Become a Certified Payroll Implementer (US)",,"What's New in Payroll",,,,,,,,,,,"26DHCM0069"
"HCM","Absence Management","Absence Management","Donation Pool Fund Balance Available on Absences and Entitlements","amarja.l.lokare@oracle.com","11.13.26.10.0","Ready","Published","Ready to use, small scale",,,,"NA","Anitha","Niki","Nigel","Absence Policy to Compliance","No","Does not fit scope","No","No","N/A","N/A","Oracle Fusion Cloud HCM: Absence Management",,"Yes","10/6/2026","Single NF","N/A",,,,,,,"/teams/OUCloudAppsCurriculumProductManagementAutomation/Content%20Files/26D%20NF/HCM/Nigel/26DHCM0070-DonationPoolFundBalanceAvailableonAbsencesandEntitlements.pptx?web=1&action=edit",,,,,,,,,,,,,,,,,,,,,,,,,,,,,,,,,,,,"What's New in Absence Management",,"Absence Management",,,,,,,,,,,"26DHCM0070"
"HCM","Compensation","Compensation","Duplicate a Salary Basis","rajesh.jupudi@oracle.com","11.13.26.10.0","Ready","Published","Ready to use, small scale","Redwood Platform",,,,"Anitha","Niki","Kurt",,"No","Simple copy feature","No",,,,,,,,,,,,,,,,,,,,,,,,,,,,,,,,,,,,,,,,,,,,,,,,,,,,"Become a Certified Compensation Implementer",,"What's New in Compensation",,,,,,,,,,,"26DHCM0071"
"HCM","Absence Management","Absence Management","Duration Formula Support for Absence Types With Days UOM and Elapsed Schedules","barbara.fox@oracle.com","11.13.26.10.0","New","Published","Setup Required",,,,"NA","Anitha","Niki","Nigel","Absence Policy to Compliance","No","Does not fit scope","Yes","Yes","1Z0-1047-26Oracle Absence Management Cloud Implementation Professional","1D0-1047-26-D Oracle Absence Management Cloud  Implementation Professional","Oracle Fusion Cloud HCM: Absence Management","Become a certified absence management implementer","Yes","10/6/2026","Single NF","N/A",,,,,,,"/teams/OUCloudAppsCurriculumProductManagementAutomation/Content%20Files/26D%20NF/HCM/Nigel/26DHCM0072-DurationFormulaSupportforAbsenceTypesWithDaysUOMandElapsedSchedules.pptx?web=1&action=edit",,,,,,,,,,,,,,,,,,,,,,,,,,,,,,,,,,,,"What's New in Absence Management",,"Absence Management",,,,,,,,,,,"26DHCM0072"
"HCM","Talent Management","Performance Management","Enhance All-in-One Evaluations with Star Ratings, Read-Only Controls, and Modify Column Headers","andrew.gillibrand@oracle.com","11.13.26.10.0","In Review","Published","Setup Required",,,,"NA","Anitha","Niki","Nigel","Workforce Goals to Performance","No","Does not fit scope","Yes","Yes","1Z0-1052-26Oracle Talent Management Cloud Implementation Professional","1D0-1052-26-D Oracle Talent Management Cloud  Implementation Professional","Oracle Fusion Cloud HCM: Configure Goal and Performance Management","Become a Certified Talent Management Implementer","Yes","10/16/2026","Single NF","N/A",,,,,,,,,,,,,,,,,,,,,,,,,,,,,,,,,,,,,,,,,,,"What's New in Talent Management",,"Performance Management",,,,,,,,,,,"26DHCM0073"
"HCM","Human Resources","Global Human Resources","Enhanced Action List in Redwood Change Assignment","girish.singh@oracle.com","11.13.26.10.0","New","New",,"Redwood Platform",,,,"Anitha","Niki","Rohit",,"No","Low demo value: it only changes when three existing actions appear in Change Assignment; it adds no new action or functionality.",,,,,,,,,,,,,,,,,,,,,,,,,,,,,,,,,,,,,,,,,,,,,,,,,,,,,"What's New in Global Human Resources",,"Employment Processes",,,,,,,,,,,"26DHCM0074"
"HCM","Learning and Development","Learning Experience and Management","Enhanced Learning Catalog Search Advisor","surreash.kcumar@oracle.com","11.13.26.10.0","Ready","Published","Setup Required","Redwood Platform",,,,"Anitha","Niki","TBD",,,,,,,,,,,,,,,,,,,,,,,,,,,,,,,,,,,,,,,,,,,,,,,,,,,,,,,,"What's New in Talent Management",,"Learning",,,,,,,,,,,"26DHCM0075"
"HCM","Absence Management","Absence Controlled Availability","Enhanced Leave Agreements Page","laura.lacoste@oracle.com","11.13.26.10.0","New","Published","Setup Required","Redwood Platform",,,"NA","Anitha","Niki","Nigel","Absence Policy to Compliance","No","Does not fit scope","No","No",,,"Oracle Fusion Cloud HCM: Absence Management",,"Yes","10/12/2026","Single NF","N/A",,,,,,,"/teams/OUCloudAppsCurriculumProductManagementAutomation/Content%20Files/26D%20NF/HCM/Nigel/DO%20NOT%20USE_26DHCM0076-EnhancedLeaveAgreementsPage.pptx?web=1&action=edit",,,,,,,,,,,,,,,,,,,,,,,,,,,,,,,,,,,,"What's New in Absence Management",,"Absence Management",,,,,,,,,,,"26DHCM0076"
"HCM","Human Resources","Workforce Directory Management","Enhanced Org Chart in Connections for Waterfall View","sonia.bourak.partouche@oracle.com","11.13.26.10.0","New","New","Setup Required",,,,,"Anitha","Niki","Rohit",,"No","Feature not available on readiness portal",,,,,,,,,,,,,,,,,,,,,,,,,,,,,,,,,,,,,,,,,,,,,,,,,,,,,"What's New in Global Human Resources",,"Workforce Directory Management",,,,,,,,,,,"26DHCM0077"
"HCM","Human Resources","Global Human Resources","Enhanced Population Selection for Redwood Mass Legal Employer Change","ashita.mathur@oracle.com","11.13.26.10.0","New","Published","Ready to use, small scale","Redwood Platform",,,,"Anitha","Niki","Rohit","Organizational Design to Execution","No",,,,,,,,"Yes",,"Single NF",,,,,,,,,,,,,,,,,,,,,,,,,,,,,,,,,,,,,,,,,,,,"What's New in Global Human Resources",,"Employment Processes",,,,,,,,,,,"26DHCM0078"
"HCM","Dynamic Skills","Skill Center","Enhanced Skill Recommendations Based on Nonskill Talent Profile Attributes","shailesh.dhawla@oracle.com","11.13.26.10.0","Ready","Published","Ready to use, small scale",,,,,"Anitha","Niki","Sarah",,"No","Too small, just an enhancement to a current feature","No","No",,,,,"Yes",,,,,,,,,,,,,,,,,,,,,,,,,,,,,,,,,,,,,,,,,,,,,,"What’s New in Dynamic Skills",,"Dynamic Skills",,,,,,,,,,,"26DHCM0079"
"HCM","Payroll","Payroll for the United Kingdom","Enhanced Statutory Parental Bereavement Leave and Pay for Northern Ireland Employees","mihaela.butnaru@oracle.com","11.13.26.10.0","Ready","Published","Ready to use, larger scale",,,,,"Anitha","Niki","Kurt",,"TBD","Not sure maintained in POD",,,,,,,,,,,,,,,,,,,,,,,,,,,,,,,,,,,,,,,,,,,,,,,,,,,,,"What's New in Payroll",,"Payroll for the United Kingdom",,,,,,,,,,,"26DHCM0080"
"HCM","Payroll","Payroll for India","Enhancement to Statement of Earnings, Review Summary and Tax Regime Comparison Report","prabhakar.mangaladass@oracle.com","11.13.26.10.0","New","Published","Ready to use, small scale",,,,,"Anitha","Niki","Kurt",,"TBD","Not sure maintained in POD",,,,,,,,,,,,,,,,,,,,,,,,,,,,,,,,,,,,,,,,,,,,,,,,,,,,,"What's New in Payroll",,"Payroll for India",,,,,,,,,,,"26DHCM0081"
"HCM","Time and Labor","Time and Labor","Enhancements for Absence Integration on Redwood Time Cards","byju.thampi@oracle.com","11.13.26.10.0","New","Published","Ready to use, larger scale","Redwood Platform",,,,"Anitha","Niki","Susan",,,,,,,,,,,,,,,,,,,,,,,,,,,,,,,,,,,,,,,,,,,,,,,,,,,,,,,,"What's New in Time & Labor",,"Time & Labor",,,,,,,,,,,"26DHCM0082"
"HCM","Time and Labor","Time and Labor","Enhancements for Calendar Events on Redwood Time Cards","byju.thampi@oracle.com","11.13.26.10.0","New","Published","Setup Required","Redwood Platform",,,,"Anitha","Niki","Susan",,,,,,,,,,,,,,,,,,,,,,,,,,,,,,,,,,,,,,,,,,,,,,,,,,,,,,,,"What's New in Time & Labor",,"Time & Labor",,,,,,,,,,,"26DHCM0083"
"HCM","Human Resources","Global Human Resources","Enhancements to Assignment Change Assistant with AI Assistance","ashita.mathur@oracle.com","11.13.26.10.0","New","Published","Ready to use, larger scale with prerequisite","AI agent",,,,"Anitha","Niki","Rohit","Organizational Design to Execution","Yes",,"No","No","1Z0-1046-26Oracle Global Human Resources Cloud Implementation Professional","1D0-1046-26-D Oracle Global Human Resources Cloud  Implementation Professional",,,"Yes","10/14/2026","Single NF",,,,,,,,,,,,,,,,,,,,,,,,,,,,,,,,,,,,,,,,,,,,"What's New in Global Human Resources",,"Employment Processes",,,,,,,,,,,"26DHCM0084"
"HCM","Compensation","Compensation","Enhancements to Redwood Individual Compensation Extensibility","rajesh.jupudi@oracle.com","11.13.26.10.0","Ready","Published","Ready to use, small scale","Redwood Platform",,,,"Anitha","Niki","Kurt","Compensation Plans to Reward","TBD","May not be included in POD","No","Yes","1Z0-1049-26Oracle Compensation Cloud Implementation Professional","1D0-1049-26-D Oracle Compensation Cloud  Implementation Professional","Oracle Fusion Cloud HCM: Base Compensation",,"WIP","10/23/2026","Single NF",,,,,,,,,,,,,,,,,,,,,,,,,,,,,,,,,,,,,,,,,,,,"Become a Certified Compensation Implementer",,"What's New in Compensation",,,,,,,,,,,"26DHCM0085"
"HCM","Learning and Development","Learning Experience and Management","Enhancements to Team Learning and Development Workspace for Managers","shailesh.dhawla@oracle.com","11.13.26.10.0","Ready","Published","Ready to use, small scale","Agentic app",,,,"Anitha","Niki","TBD",,,,,,,,,,,,,,,,,,,,,,,,,,,,,,,,,,,,,,,,,,,,,,,,,,,,,,,,"What's New in Talent Management",,"Learning",,,,,,,,,,,"26DHCM0086"
"HCM","Talent Management","Touchpoints","Enhancements to Team Sync Check-Ins and Team Sync Summary","ramasubramanian.b.balasundara@oracle.com","11.13.26.10.0","Ready","Published","Setup Required","AI agent,Redwood Platform",,,"High","Anitha","Niki","Nigel","Workforce Goals to Performance","Yes","N/A","Yes","Yes","1Z0-1052-26Oracle Talent Management Cloud Implementation Professional","1D0-1052-26-D Oracle Talent Management Cloud  Implementation Professional",,,"Yes","10/8/2026","Single NF","N/A",,,,,,,"/teams/OUCloudAppsCurriculumProductManagementAutomation/Content%20Files/26D%20NF/HCM/Nigel/26DHCM0087-EnhancementstoTeamSyncCheck-InsandTeamSyncSummary.pptx?web=1&action=edit",,,,,,,,,,,,,,,,,,,,,,,,,,,,,,,,,,,,"What's New in Talent Management",,"Touchpoints",,,,,,,,,,,"26DHCM0087"
"HCM","Oracle Me Employee Experience","HCM Communicate","Exclude People from Campaign Communications","lalatendu.patnaik@oracle.com","11.13.26.10.0","New","Published","Ready to use, small scale",,,,"NA","Anitha","Niki","Nigel","Workforce Goals to Performance","No","Does not fit scope","No","No",,,,,"Yes","10/9/2026","Single NF","N/A",,,,,,,"/teams/OUCloudAppsCurriculumProductManagementAutomation/Content%20Files/26D%20NF/HCM/Nigel/26DHCM0088-ExcludePeoplefromCampaignCommunications.pptx?web=1&action=edit",,,,,,,,,,,,,,,,,,,,,,,,,,,,,,,,,,,,"What's New in Time & Labor",,"HCM Communicate",,,,,,,,,,,"26DHCM0088"
"HCM","Oracle Me Employee Experience","HCM Communicate","Exclusion List","lalatendu.patnaik@oracle.com","11.13.26.10.0","In Review","New",,,,,"NA","Anitha","Niki","Nigel","Workforce Goals to Performance","No","Does not fit scope","No","No",,,,,"Yes",,,,,,,,,,,,,,,,,,,,,,,,,,,,,,,,,,,,,,,,,,,,,,"What's New in Time & Labor",,"HCM Communicate",,,,,,,,,,,"26DHCM0089"
"HCM","Recruiting","Recruiting","Expand Blind Sifting Controls Across Job Application Experiences","jessica.reilly@oracle.com","11.13.26.10.0","Ready","Published","Setup Required","Redwood Platform",,,,"Anitha","Niki","Sarah",,"TBD","Need to see how VBS is set up","Yes","Yes",,"1D0-1069-26-D Oracle Recruiting Cloud  Implementation Professional","Oracle Fusion Cloud HCM: Recruiting ",,"WIP",,,,,,,,,,,,,,,,,,,,,,,,,,,,,,,,,,,,,,,,,,,,,,"What's New in Recruiting",,"Recruiting",,,,,,,,,,,"26DHCM0090"
"HCM","Compensation","Compensation","Expanded Change Salary Assistant Capabilities","rajesh.jupudi@oracle.com","11.13.26.10.0","In Review","Published","Ready to use, small scale","AI agent",,,,"Anitha","Niki","Kurt","Compensation Plans to Reward","Yes",,"No","Yes","1Z0-1049-26Oracle Compensation Cloud Implementation Professional","1D0-1049-26-D Oracle Compensation Cloud  Implementation Professional","Oracle Fusion Cloud HCM: Base Compensation","Become a Certified Compensation Implementer","WIP","10/23/2026","Single NF",,,,,,,,,,,,,,,,,,,,,,,,,,,,,,,,,,,,,,,,,,,,"Become a Certified Compensation Implementer",,"What's New in Compensation",,,,,,,,,,,"26DHCM0091"
"HCM","Compensation","Compensation","Expanded Personal Contributions Assistant Capabilities","rajesh.jupudi@oracle.com","11.13.26.10.0","Ready","Published","Ready to use, small scale","AI agent",,,,"Anitha","Niki","Kurt","Compensation Plans to Reward","Yes",,"No","Yes","1Z0-1049-26Oracle Compensation Cloud Implementation Professional","1D0-1049-26-D Oracle Compensation Cloud  Implementation Professional","Oracle Fusion Cloud HCM: Base Compensation","Become a Certified Compensation Implementer","WIP","10/23/2026","Single NF",,,,,,,,,,,,,,,,,,,,,,,,,,,,,,,,,,,,,,,,,,,,"Become a Certified Compensation Implementer",,"What's New in Compensation",,,,,,,,,,,"26DHCM0092"
"HCM","Compensation","Compensation","Export Capability in Redwood Review Proposed Salary Changes","rajesh.jupudi@oracle.com","11.13.26.10.0","Ready","Published","Ready to use, small scale","Redwood Platform",,,,"Anitha","Niki","Kurt","Compensation Plans to Reward","Yes",,"No","Yes","1Z0-1049-26Oracle Compensation Cloud Implementation Professional","1D0-1049-26-D Oracle Compensation Cloud  Implementation Professional","Oracle Fusion Cloud HCM: Base Compensation","Become a Certified Compensation Implementer","WIP","10/23/2026","Single NF",,,,,,,,,,,,,,,,,,,,,,,,,,,,,,,,,,,,,,,,,,,,"Become a Certified Compensation Implementer",,"What's New in Compensation",,,,,,,,,,,"26DHCM0093"
"HCM","Talent Management","Talent Review","Facilitators Add Rating Comments During Talent Review","aashir.shroff@oracle.com","11.13.26.10.0","New","Published","Setup Required","Redwood Platform",,,"NA","Anitha","Niki","Nigel","Workforce Goals to Performance ","No","Does not fit scope","Yes","Yes","1Z0-1052-26Oracle Talent Management Cloud Implementation Professional","1D0-1052-26-D Oracle Talent Management Cloud  Implementation Professional","Oracle Fusion Cloud HCM: Succession Planning and Talent Reviews","Become a Certified Talent Management Implementer","Yes","10/13/2026","Single NF","N/A",,,,,,,,,,,,,,,,,,,,,,,,,,,,,,,,,,,,,,,,,,,"What's New in Talent Management",,"Talent Review",,,,,,,,,,,"26DHCM0094"
"HCM","Recruiting","Recruiting","Filter by Active Candidates on Candidate Lists","tami.taylor@oracle.com","11.13.26.10.0","Ready","Published","Setup Required","GenAI,Redwood Platform",,,"Medium","Anitha","Niki","Sarah",,"Yes",,"Yes","Yes",,"1D0-1069-26-D Oracle Recruiting Cloud  Implementation Professional","Oracle Fusion Cloud HCM: Recruiting ",,"Yes",,,,,,,,,,,,,,,,,,,,,,,,,,,,,,,,,,,,,,,,,,,,,,"What's New in Recruiting",,"Recruiting",,,,,,,,,,,"26DHCM0095"
"HCM","Workforce Scheduling","Workforce Scheduling","Filter Options in Redwood Team Schedule","suzana.radovic@oracle.com","11.13.26.10.0","Ready","Published","Ready to use, small scale",,,,"NA","Anitha","Niki","Jess","Workforce Schedule to Payment","No","No to low impact; self explanatory","No","No","N/A","N/A","N/A",,"Yes",,,,,,,,,,,,,,,,,,,,,,,,,,,,,,,,,,,,,,,,,,,,,,"What's New in Reporting",,"Workforce Scheduling",,,,,,,,,,,"26DHCM0096"
"HCM","Human Resources","Global Human Resources","Force Close Journeys for Specific Workers","shweta.ganguly@oracle.com","11.13.26.10.0","Ready","Published","Setup Required","Redwood Platform",,,"NA","Anitha","Niki","Deb","Employee Onboarding to Retirement
","Yes",,"No","Yes","1Z0-1046-26Oracle Global Human Resources Cloud Implementation Professional","1D0-1046-26-D Oracle Global Human Resources Cloud  Implementation Professional","Oracle Fusion Cloud HCM: Journeys","Become a Certified Global Human Resources (Core HR) Implementer","WIP","10/23/2026","Single NF",,,,,,,,"/teams/OUCloudAppsCurriculumProductManagementAutomation/Content%20Files/26D%20NF/HCM/Deb/26DHCM0097-ForceCloseJourneysforSpecificWorkers.pptx?web=1&action=edit",,,,,,,,,,,,,,,,,,,,,,,,,,,,,,,,,,,,"What's New in Global Human Resources",,"Journeys",,,,,,,,,,,"26DHCM0097"
"HCM","Human Resources","Global Human Resources","Generate Document Records from Uploaded Attachments with AI Assistance","shweta.ganguly@oracle.com","11.13.26.10.0","Ready","Published","Ready to use, small scale with prerequisite","AI agent",,,"Medium","Anitha","Niki","Rohit","Organizational Design to Execution","Yes",,"No","No","1Z0-1046-26Oracle Global Human Resources Cloud Implementation Professional","1D0-1046-26-D Oracle Global Human Resources Cloud  Implementation Professional",,,"Yes","10/14/2026","Single NF",,,,,,,,,,,,,,,,,,,,,,,,,,,,,,,,,,,,,,,,,,,,"What's New in Global Human Resources",,"Document Records",,,,,,,,,,,"26DHCM0098"
"HCM","Human Resources","Global Payroll Interface","Global Payroll Interface Template Enhanced With Additional Salary Attributes","jayasankar.bhuvaneswaran@oracle.com","11.13.26.10.0","Ready","Published","Ready to use, small scale with prerequisite",,,,,"Anitha","Niki","Rohit",,"No","Feature is related to Payroll Interface",,,,,,,,,,,,,,,,,,,,,,,,,,,,,,,,,,,,,,,,,,,,,,,,,,,,,"What's New in Payroll",,"Global Payroll Interface",,,,,,,,,,,"26DHCM0099"
"HCM","Oracle Me Employee Experience","HCM Communicate","HCM Lists for Ongoing Campaigns","lalatendu.patnaik@oracle.com","11.13.26.10.0","Ready","Published","Ready to use, small scale",,,,"NA","Anitha","Niki","Nigel","Workforce Goals to Performance","No","Does not fit scope","No","No",,,,,"Yes","10/9/2026","Single NF","N/A",,,,,,,"/teams/OUCloudAppsCurriculumProductManagementAutomation/Content%20Files/26D%20NF/HCM/Nigel/26DHCM0100-HCMListsforOngoingCampaigns.pptx?web=1&action=edit",,,,,,,,,,,,,,,,,,,,,,,,,,,,,,,,,,,,"What's New in Time & Labor",,"HCM Communicate",,,,,,,,,,,"26DHCM0100"
"HCM","Human Resources","Workforce Directory Management","HCM Professional Concierge Workspace","anuradha.subramanian@oracle.com","11.13.26.10.0","New","New","Setup Required","AI",,,"High","Anitha","Niki","Rohit","Organizational Design to Execution","Yes",,"No","No","1Z0-1046-26Oracle Global Human Resources Cloud Implementation Professional","1D0-1046-26-D Oracle Global Human Resources Cloud  Implementation Professional",,,"Yes","10/13/2026","Single NF",,,,,,,,,,,,,,,,,,,,,,,,,,,,,,,,,,,,,,,,,,,,"What's New in Global Human Resources",,"Workforce Directory Management",,,,,,,,,,,"26DHCM0101"
"HCM","Recruiting","Recruiting","Help Candidates Identify Job Application Gaps","ewa.kostecka@oracle.com","11.13.26.10.0","Ready","Published","Setup Required","AI agent",,,"High","Anitha","Niki","Sarah",,"Yes",,"Yes","No",,,"Oracle Fusion Cloud HCM: Recruiting ",,"Yes",,,,,,,,,,,,,,,,,,,,,,,,,,,,,,,,,,,,,,,,,,,,,,"What's New in Recruiting",,"Recruiting",,,,,,,,,,,"26DHCM0102"
"HCM","Recruiting","Recruiting","Help Candidates Understand Job Offers with Career Coach","ewa.kostecka@oracle.com","11.13.26.10.0","Ready","Published","Setup Required","AI agent",,,"Low","Anitha","Niki","Sarah",,"Yes",,"Yes","No",,,"Oracle Fusion Cloud HCM: Recruiting ",,"Yes",,"Combined Primary NF","Career Coach Enhancements",,,,,,,,,,,,,,,,,,,,,,,,,,,,,,,,,,,,,,,,,,,"What's New in Recruiting",,"Recruiting",,,,,,,,,,,"26DHCM0103"
"HCM","Talent Management","Performance Management","Hide Manager Names for Auto-Submitted Approval Tasks in Document Progress","andrew.gillibrand@oracle.com","11.13.26.10.0","In Review","Published","Setup Required","Redwood Platform",,,"NA","Anitha","Niki","Nigel","Workforce Goals to Performance","No","Does not fit scope","Yes","No",,,"Oracle Fusion Cloud HCM: Configure Goal and Performance Management","Become a Certified Talent Management Implementer","Yes","10/13/2026","Single NF","N/A",,,,,,,,,,,,,,,,,,,,,,,,,,,,,,,,,,,,,,,,,,,"What's New in Talent Management",,"Performance Management",,,,,,,,,,,"26DHCM0104"
"HCM","Payroll","Global Payroll","Hide Payroll Relationship Costing Level on Person Costing Page","venkateswara.vadlamani@oracle.com","11.13.26.10.0","In Review","Published","Ready to use, small scale","Redwood Platform",,,,"Anitha","Niki","Kurt",,"No","Straight forward",,,,,,,,,,,,,,,,,,,,,,,,,,,,,,,,,,,,,,,,,,,,,,,,,,,,,"What's New in Payroll",,"Global Payroll",,,,,,,,,,,"26DHCM0105"
"HCM","Recruiting","Recruiting Booster","Identify Inappropriate Content in Recruiting Messages","manasa.majji@oracle.com","11.13.26.10.0","Ready","Published","Setup Required","AI agent,Redwood Platform",,,,"Anitha","Niki","Sarah",,"No","Can't demo messages","No","No",,,,,"Yes",,,,,,,,,,,,,,,,,,,,,,,,,,,,,,,,,,,,,,,,,,,,,,"What's New in Recruiting",,"Recruiting Booster",,,,,,,,,,,"26DHCM0106"
"HCM","Human Resources","Global Human Resources","Improved Approval Routing for Document Records Based on Assignment Context","shweta.ganguly@oracle.com","11.13.26.10.0","Ready","Published","Ready to use, small scale","Redwood Platform",,,,"Anitha","Niki","Rohit",,"No","Small Scale",,,,,,,"Yes",,"Single NF",,,,,,,,,,,,,,,,,,,,,,,,,,,,,,,,,,,,,,,,,,,,"What's New in Global Human Resources",,"Document Records",,,,,,,,,,,"26DHCM0107"
"HCM","Human Resources","Global Human Resources","Inactivate Work Pattern Templates","sophie.merle@oracle.com","11.13.26.10.0","In Review","Published","Ready to use, small scale",,,,,"Anitha","Niki","Rohit",,"No","Low demo value: it adds an Active toggle that prevents reuse of obsolete work pattern templates, but the change is mostly administrative.",,,,,,,,,,,,,,,,,,,,,,,,,,,,,,,,,,,,,,,,,,,,,,,,,,,,,"What's New in Global Human Resources",,"Workforce Structures",,,,,,,,,,,"26DHCM0108"
"HCM","Workforce Scheduling","Workforce Scheduling","Include Break Details in Schedule Imports and Worker Notifications","sophie.merle@oracle.com","11.13.26.10.0","In Review","Published","Setup Required",,,,"NA","Anitha","Niki","Jess","Workforce Schedule to Payment","No","Requires REST or HDL import; self explanatory","No","No","N/A","N/A","N/A",,"Yes",,,,,,,,,,,,,,,,,,,,,,,,,,,,,,,,,,,,,,,,,,,,,,"What's New in Reporting",,"Workforce Scheduling",,,,,,,,,,,"26DHCM0109"
"HCM","Talent Management","Goal Management","Include Document Tool in Goal Creation AI Agent","nancy.lang@oracle.com","11.13.26.10.0","Ready","Published","Setup Required","AI agent,Redwood Platform",,,"NA","Anitha","Niki","Nigel","Workforce Goals to Performance","Yes","N/A","Yes","Yes","1Z0-1052-26Oracle Talent Management Cloud Implementation Professional","1D0-1052-26-D Oracle Talent Management Cloud  Implementation Professional","Oracle Fusion Cloud HCM: Configure  Goal and Performance Management","Become a Certified Talent Management Implementer","Yes","10/9/2026","Single NF","N/A",,,,,,,"/teams/OUCloudAppsCurriculumProductManagementAutomation/Content%20Files/26D%20NF/HCM/Nigel/26DHCM0110-IncludeDocumentToolinGoalCreationAIAgent.pptx?web=1&action=edit",,,,,,,,,,,,,,,,,,,,,,,,,,,,,,,,,,,,"What's New in Talent Management",,"Goal Management",,,,,,,,,,,"26DHCM0110"
"HCM","Oracle Me Employee Experience","HCM Communicate","Include Nonworkers in Campaign Audiences","lalatendu.patnaik@oracle.com","11.13.26.10.0","Ready","Published","Setup Required",,,,"NA","Anitha","Niki","Nigel","Workforce Goals to Performance","No","Does not fit scope","No","No",,,,,"Yes","10/9/2026","Single NF","N/A",,,,,,,"/teams/OUCloudAppsCurriculumProductManagementAutomation/Content%20Files/26D%20NF/HCM/Nigel/26DHCM0111-IncludeNonworkersinCampaignAudiences.pptx?web=1&action=edit",,,,,,,,,,,,,,,,,,,,,,,,,,,,,,,,,,,,"What's New in Time & Labor",,"HCM Communicate",,,,,,,,,,,"26DHCM0111"
"HCM","Compensation","Transactional Business Intelligence Enterprise for Compensation","Introducing the Total Compensation Generated Statements Subject Area","gail.langendorf@oracle.com","11.13.26.10.0","Ready","Published","BI Subject Areas",,,,"NA","Anitha","Niki","Nigel",,"No","Does not fit scope","No","No",,,"Oracle Fusion Cloud HCM: Foundations of OTBI",,"Yes","10/22/2026","Single NF","N/A",,,,,,,,,,,,,,,,,,,,,,,,,,,,,,,,,,,,,,,,,,,"Become a Certified Compensation Implementer",,"What's New in Compensation",,,,,,,,,,,"26DHCM0112"
"HCM","Human Resources","Global Human Resources","Journey Task Suggestions from Learn and Task Library in Onboard AI Assistant","shweta.ganguly@oracle.com","11.13.26.10.0","Ready","Published","Setup Required","AI agent",,,"NA","Anitha","Niki","Deb","Employee Onboarding to Retirement
","Yes",,"No","Yes","1Z0-1046-26Oracle Global Human Resources Cloud Implementation Professional","1D0-1046-26-D Oracle Global Human Resources Cloud  Implementation Professional","Oracle Fusion Cloud HCM: Journeys","Become a Certified Global Human Resources (Core HR) Implementer","WIP","10/23/2026","Single NF",,,,,,,,"/teams/OUCloudAppsCurriculumProductManagementAutomation/Content%20Files/26D%20NF/HCM/Deb/26DHCM0113-JourneyTaskSuggestionsfromLearnandTaskLibraryinOnboardAIAssistant.pptx?web=1&action=edit",,,,,,,,,,,,,,,,,,,,,,,,,,,,,,,,,,,,"What's New in Global Human Resources",,"Journeys",,,,,,,,,,,"26DHCM0113"
"HCM","Workforce Scheduling","Workforce Scheduling","Labor Hour Standard Staffing Grid Calculations","brent.hansen@oracle.com","11.13.26.10.0","New","Published","Ready to use, small scale with prerequisite",,,,"NA","Anitha","Niki","Jess","Workforce Schedule to Payment","Yes","NA","No","No","N/A","N/A","Workforce Scheduling",,"Yes","10/8/2026","Single NF",,,,,,,,,,,,,,,,,,,,,,,,,,,,,,,,,,,,,,,,,,,,"What's New in Reporting",,"Workforce Scheduling",,,,,,,,,,,"26DHCM0114"
"HCM","Learning and Development","Learning Experience and Management","Learning Audience Management with AI Assistance","surreash.kcumar@oracle.com","11.13.26.10.0","Ready","Published","Setup Required","AI agent",,,,"Anitha","Niki","TBD",,,,,,,,,,,,,,,,,,,,,,,,,,,,,,,,,,,,,,,,,,,,,,,,,,,,,,,,"What's New in Talent Management",,"Learning",,,,,,,,,,,"26DHCM0115"
"HCM","Learning and Development","Learning Experience and Management","Learning Catalog Management Assistant (formerly Learning Creation Assistant)","surreash.kcumar@oracle.com","11.13.26.10.0","Ready","Published","Setup Required","AI agent",,,,"Anitha","Niki","TBD",,,,,,,,,,,,,,,,,,,,,,,,,,,,,,,,,,,,,,,,,,,,,,,,,,,,,,,,"What's New in Talent Management",,"Learning",,,,,,,,,,,"26DHCM0116"
"HCM","Learning and Development","Learning Experience and Management","Learning Objectives and Ideal Learner Details","surreash.kcumar@oracle.com","11.13.26.10.0","Ready","Published","Ready to use, small scale","Redwood Platform",,,,"Anitha","Niki","TBD",,,,,,,,,,,,,,,,,,,,,,,,,,,,,,,,,,,,,,,,,,,,,,,,,,,,,,,,"What's New in Talent Management",,"Learning",,,,,,,,,,,"26DHCM0117"
"HCM","Learning and Development","Learning Experience and Management","Learning Path Renewals","surreash.kcumar@oracle.com","11.13.26.10.0","Ready","Published","Setup Required",,,,,"Anitha","Niki","TBD",,,,,,,,,,,,,,,,,,,,,,,,,,,,,,,,,,,,,,,,,,,,,,,,,,,,,,,,"What's New in Talent Management",,"Learning",,,,,,,,,,,"26DHCM0118"
"HCM","Recruiting","Recruiting","Let Candidates Apply for Jobs Conversationally with Career Coach","ewa.kostecka@oracle.com","11.13.26.10.0","Ready","Published","Setup Required","AI agent",,,"High","Anitha","Niki","Sarah",,"Yes",,"Yes","No",,,"Oracle Fusion Cloud HCM: Recruiting ",,"Yes",,"Combined Bundled NF","Career Coach Enhancements",,,,,,,,,,,,,,,,,,,,,,,,,,,,,,,,,,,,,,,,,,,"What's New in Recruiting",,"Recruiting",,,,,,,,,,,"26DHCM0119"
"HCM","Recruiting","Recruiting","Let Candidates Manage Their Applications and Preferences with Career Coach","sreenija.mattam@oracle.com","11.13.26.10.0","Ready","Published","Setup Required","AI agent",,,,"Anitha","Niki","Sarah",,"Yes",,"Yes","No",,,"Oracle Fusion Cloud HCM: Recruiting ",,"Yes",,"Combined Bundled NF","Career Coach Enhancements",,,,,,,,,,,,,,,,,,,,,,,,,,,,,,,,,,,,,,,,,,,"What's New in Recruiting",,"Recruiting",,,,,,,,,,,"26DHCM0120"
"HCM","Benefits","Benefits","Life Event Simulation Analyst","tamara.d.mills@oracle.com","11.13.26.10.0","In Review","Published","Setup Required",,,,"Medium","Anitha","Niki","Deb","Benefits Enrollment To Coverage","Yes",,"No","Yes","1Z0-1053-26Oracle Benefits Cloud Implementation Professional","1D0-1053-26 -D Oracle Benefits Cloud  Implementation Professional","Oracle Fusion Cloud HCM: Benefits","Become a Certified Benefits Implementer","WIP","10/23/2026","Single NF",,,,,,,,"/teams/OUCloudAppsCurriculumProductManagementAutomation/Content%20Files/26D%20NF/HCM/Deb/26DHCM0121-LifeEventSimulationAnalyst.pptx?web=1&action=edit",,,,,,,,,,,,,,,,,,,,,,,,,,,,,,,,,,,,"What’s New in Benefits",,"Benefits",,,,,,,,,,,"26DHCM0121"
"HCM","Recruiting","Recruiting","LinkedIn Recruiter System Connect Integration Enhancements","suresh.babu@oracle.com","11.13.26.10.0","Ready","Published","Setup Required",,,,,"Anitha","Niki","Sarah",,"No","Technical integration","No","No",,,,,"Yes",,,,,,,,,,,,,,,,,,,,,,,,,,,,,,,,,,,,,,,,,,,,,,"What's New in Recruiting",,"Recruiting",,,,,,,,,,,"26DHCM0122"
"HCM","Recruiting","Recruiting","List Selections Retained","jessica.reilly@oracle.com","11.13.26.10.0","Ready","Published","Ready to use, small scale","Redwood Platform",,,,"Anitha","Niki","Sarah",,"No","End user feature, no setup","No","No",,,,,"Yes",,,,,,,,,,,,,,,,,,,,,,,,,,,,,,,,,,,,,,,,,,,,,,"What's New in Recruiting",,"Recruiting",,,,,,,,,,,"26DHCM0123"
"HCM","Recruiting","Recruiting","Manage Candidate Notification Content in a Dedicated Recruiting Notification Library","manasa.majji@oracle.com","11.13.26.10.0","Ready","Published","Setup Required","Redwood Platform",,,,"Anitha","Niki","Sarah",,"Yes",,"Yes","Yes",,"1D0-1069-26-D Oracle Recruiting Cloud  Implementation Professional","Oracle Fusion Cloud HCM: Recruiting ",,"Yes",,"Combined Primary NF","Recruiting Notification Library Updates",,,,,,,,,,,,,,,,,,,,,,,,,,,,,,,,,,,,,,,,,,,"What's New in Recruiting",,"Recruiting",,,,,,,,,,,"26DHCM0124"
"HCM","Human Resources","Global Human Resources","Manage Document Records from Redwood Employment Contracts","ashita.mathur@oracle.com","11.13.26.10.0","New","Published","Ready to use, small scale","Redwood Platform",,,,"Anitha","Niki","Rohit",,"No","Low demo value, Document Records now available on Contracts page , not setup required. ",,,,,,,,,,,,,,,,,,,,,,,,,,,,,,,,,,,,,,,,,,,,,,,,,,,,,"What's New in Global Human Resources",,"Document Records",,,,,,,,,,,"26DHCM0125"
"HCM","Oracle Me Employee Experience","HCM Communicate","Manage Email Templates with the Redwood Experience","lalatendu.patnaik@oracle.com","11.13.26.10.0","Ready","Published","Ready to use, larger scale",,,,"NA","Anitha","Niki","Nigel","Workforce Goals to Performance","Yes","N/A","No","No",,,,,"Yes","10/9/2026","Single NF","N/A",,,,,,,"/teams/OUCloudAppsCurriculumProductManagementAutomation/Content%20Files/26D%20NF/HCM/Nigel/26DHCM0126-ManageEmailTemplateswiththeRedwoodExperience.pptx?web=1&action=edit",,,,,,,,,,,,,,,,,,,,,,,,,,,,,,,,,,,,"What's New in Time & Labor",,"HCM Communicate",,,,,,,,,,,"26DHCM0126"
"HCM","Human Resources","Global Human Resources","Manage Journeys with AI Assistance","shweta.ganguly@oracle.com","11.13.26.10.0","Ready","Published","Setup Required","AI agent",,,"High","Anitha","Niki","Deb","Employee Onboarding to Retirement
","Yes",,"No","Yes","1Z0-1046-26Oracle Global Human Resources Cloud Implementation Professional","1D0-1046-26-D Oracle Global Human Resources Cloud  Implementation Professional","Oracle Fusion Cloud HCM: Journeys","Become a Certified Global Human Resources (Core HR) Implementer","WIP","10/23/2026","Single NF",,,,,,,,"/teams/OUCloudAppsCurriculumProductManagementAutomation/Content%20Files/26D%20NF/HCM/Deb/26DHCM0127-ManageJourneyswithAIAssistance.pptx?web=1&action=edit",,,,,,,,,,,,,,,,,,,,,,,,,,,,,,,,,,,,"What's New in Global Human Resources",,"Journeys",,,,,,,,,,,"26DHCM0127"
"HCM","Oracle Me Employee Experience","HCM Communicate","Manage Post-Event Resources for Employee Events","vinay.kumar.chittimilla@oracle.com","11.13.26.10.0","Ready","Published","Setup Required","Redwood Platform",,,"NA","Anitha","Niki","Nigel","Workforce Goals to Performance","No","Does not fit scope","No","No",,,,,"Yes","10/12/2026","Single NF","N/A",,,,,,,,,,,,,,,,,,,,,,,,,,,,,,,,,,,,,,,,,,,"What's New in Time & Labor",,"HCM Communicate",,,,,,,,,,,"26DHCM0128"
"HCM","Time and Labor","Time and Labor","Manage Time Entries page for Line Managers","sreekanth.g.gannavarapu@oracle.com","11.13.26.10.0","Ready","Published","Ready to use, small scale with prerequisite",,,,,"Anitha","Niki","Susan",,,,,,,,,,,,,,,,,,,,,,,,,,,,,,,,,,,,,,,,,,,,,,,,,,,,,,,,"What's New in Time & Labor",,"Time & Labor",,,,,,,,,,,"26DHCM0129"
"HCM","Talent Management","Goal Management","Manager Assigns Performance and Development Goals in Team Activity Center","nancy.lang@oracle.com","11.13.26.10.0","Ready","Published","Setup Required","Redwood Platform",,,"NA","Anitha","Niki","Nigel","Workforce Goals to Performance","No","Does not fit scope","No","No",,,"Oracle Fusion Cloud HCM: Configure  Goal and Performance Management",,"Yes","10/14/2026","Single NF","N/A",,,,,,,,,,,,,,,,,,,,,,,,,,,,,,,,,,,,,,,,,,,"What's New in Talent Management",,"Goal Management",,,,,,,,,,,"26DHCM0130"
"HCM","Talent Management","Touchpoints","Manager Edge Agent Enhancements","ramasubramanian.b.balasundara@oracle.com","11.13.26.10.0","Ready","Published","Setup Required","AI agent,Redwood Platform",,,"Medium","Anitha","Niki","Nigel","Workforce Goals to Performance","Yes","N/A","Yes","Yes","1Z0-1052-26Oracle Talent Management Cloud Implementation Professional","1D0-1052-26-D Oracle Talent Management Cloud  Implementation Professional",,,"Yes","10/9/2026","Single NF","N/A",,,,,,,"/teams/OUCloudAppsCurriculumProductManagementAutomation/Content%20Files/26D%20NF/HCM/Nigel/26DHCM0131-ManagerEdgeAgentEnhancements.pptx?web=1&action=edit",,,,,,,,,,,,,,,,,,,,,,,,,,,,,,,,,,,,"What's New in Talent Management",,"Touchpoints",,,,,,,,,,,"26DHCM0131"
"HCM","Payroll","Payroll for the United Kingdom","Mass Legal Employer Change Dashboard - Warning Deep Links","joanne.slevin@oracle.com","11.13.26.10.0","Ready","Published","Ready to use, small scale",,,,,"Anitha","Niki","Kurt",,"TBD","Not sure maintained in POD",,,,,,,,,,,,,,,,,,,,,,,,,,,,,,,,,,,,,,,,,,,,,,,,,,,,,"What's New in Payroll",,"Payroll for the United Kingdom",,,,,,,,,,,"26DHCM0132"
"HCM","Talent Management","Performance Management","Mass Process Performance Document Reopen, Restore, and Transfer Actions","andrew.gillibrand@oracle.com","11.13.26.10.0","Ready","Published","Setup Required","Redwood Platform",,,"NA","Anitha","Niki","Nigel","Workforce Goals to Performance","No","Does not fit scope","No","No",,,"Oracle Fusion Cloud HCM: Configure Goal and Performance Management",,"Yes","10/15/2026","Single NF","N/A",,,,,,,,,,,,,,,,,,,,,,,,,,,,,,,,,,,,,,,,,,,"What's New in Talent Management",,"Performance Management",,,,,,,,,,,"26DHCM0133"
"HCM","Payroll","Payroll for Ireland","MFF Contributions Bulk Delete","fiona.sobey@oracle.com","11.13.26.10.0","In Review","Published","Ready to use, small scale with prerequisite",,,,,"Anitha","Niki","Kurt",,"No","Not maintained in POD",,,,,,,,,,,,,,,,,,,,,,,,,,,,,,,,,,,,,,,,,,,,,,,,,,,,,"What's New in Payroll",,"Global Payroll",,,,,,,,,,,"26DHCM0134"
"HCM","Payroll","Payroll for Canada","New Links from Change Legal Employer Dashboard","rene.holtam@oracle.com","11.13.26.10.0","In Review","Published","Setup Required",,,,,"Anitha","Niki","Kurt",,"TBD","Not sure maintained in POD",,,,,,,,,,,,,,,,,,,,,,,,,,,,,,,,,,,,,,,,,,,,,,,,,,,,,"Become a Certified Payroll Implementer (US)",,"What's New in Payroll",,,,,,,,,,,"26DHCM0135"
"HCM","Payroll","Payroll for Ireland","Notice of Attachment 15% Cap Rule","joanne.slevin@oracle.com","11.13.26.10.0","Ready","Published","Ready to use, small scale",,,,,"Anitha","Niki","Kurt",,"No","Not maintained in POD",,,,,,,,,,,,,,,,,,,,,,,,,,,,,,,,,,,,,,,,,,,,,,,,,,,,,"What's New in Payroll",,"Global Payroll",,,,,,,,,,,"26DHCM0136"
"HCM","Workforce Scheduling","Workforce Scheduling","Open Shift Conflict Handling","sangeeta.t.trivedi@oracle.com","11.13.26.10.0","Ready","Published","Ready to use, larger scale",,,,"NA","Anitha","Niki","Jess","Workforce Schedule to Payment","No","No to low impact; self explanatory","No","No","N/A","N/A","N/A",,"Yes",,,,,,,,,,,,,,,,,,,,,,,,,,,,,,,,,,,,,,,,,,,,,,"What's New in Reporting",,"Workforce Scheduling",,,,,,,,,,,"26DHCM0137"
"HCM","Workforce Scheduling","Workforce Scheduling","Organization Calendar Events in Calendar and Calendar Synchronization","sangeeta.t.trivedi@oracle.com","11.13.26.10.0","Ready","Published","Setup Required",,,,"NA","Anitha","Niki","Jess","Workforce Schedule to Payment","Yes","NA","No","No","N/A","N/A","Workforce Scheduling",,"Yes","10/8/2026","Single NF",,,,,,,,,,,,,,,,,,,,,,,,,,,,,,,,,,,,,,,,,,,,"What's New in Reporting",,"Workforce Scheduling",,,,,,,,,,,"26DHCM0138"
"HCM","Recruiting","Recruiting","Passing Context Parameters to Guided Journeys on Candidate Details and Job Application Details Pages","viviane.filloles@oracle.com","11.13.26.10.0","Ready","Published","Setup Required","Redwood Platform",,,,"Anitha","Niki","Sarah",,"No","Nothing to demo","No","No",,,,,"Yes",,,,,,,,,,,,,,,,,,,,,,,,,,,,,,,,,,,,,,,,,,,,,,"What's New in Recruiting",,"Recruiting",,,,,,,,,,,"26DHCM0139"
"HCM","Payroll","Payroll for Bahrain","Payroll Activity Center","fiona.sobey@oracle.com","11.13.26.10.0","In Review","Published","Ready to use, small scale",,,,,"Anitha","Niki","Kurt",,"No","Not maintained in POD",,,,,,,,,,,,,,,,,,,,,,,,,,,,,,,,,,,,,,,,,,,,,,,,,,,,,"What's New in Payroll",,"Global Payroll",,,,,,,,,,,"26DHCM0140"
"HCM","Payroll","Payroll for Kuwait","Payroll Activity Center","fiona.sobey@oracle.com","11.13.26.10.0","In Review","Published","Ready to use, small scale",,,,,"Anitha","Niki","Kurt",,"No","Not maintained in POD",,,,,,,,,,,,,,,,,,,,,,,,,,,,,,,,,,,,,,,,,,,,,,,,,,,,,"What's New in Payroll",,"Global Payroll",,,,,,,,,,,"26DHCM0141"
"HCM","Payroll","Payroll for Oman","Payroll Activity Center","fiona.sobey@oracle.com","11.13.26.10.0","In Review","Published","Ready to use, small scale",,,,,"Anitha","Niki","Kurt",,"No","Not maintained in POD",,,,,,,,,,,,,,,,,,,,,,,,,,,,,,,,,,,,,,,,,,,,,,,,,,,,,"What's New in Payroll",,"Global Payroll",,,,,,,,,,,"26DHCM0142"
"HCM","Payroll","Payroll for Qatar","Payroll Activity Center","fiona.sobey@oracle.com","11.13.26.10.0","In Review","Published","Ready to use, small scale",,,,,"Anitha","Niki","Kurt",,"No","Not maintained in POD",,,,,,,,,,,,,,,,,,,,,,,,,,,,,,,,,,,,,,,,,,,,,,,,,,,,,"What's New in Payroll",,"Global Payroll",,,,,,,,,,,"26DHCM0143"
"HCM","Payroll","Payroll for Saudi Arabia","Payroll Activity Center","fiona.sobey@oracle.com","11.13.26.10.0","In Review","Published","Ready to use, small scale",,,,,"Anitha","Niki","Kurt",,"No","Not maintained in POD",,,,,,,,,,,,,,,,,,,,,,,,,,,,,,,,,,,,,,,,,,,,,,,,,,,,,"What's New in Payroll",,"Global Payroll",,,,,,,,,,,"26DHCM0144"
"HCM","Payroll","Payroll for the United Arab Emirates","Payroll Activity Center","fiona.sobey@oracle.com","11.13.26.10.0","In Review","Published","Ready to use, small scale",,,,,"Anitha","Niki","Kurt",,"No","Not maintained in POD",,,,,,,,,,,,,,,,,,,,,,,,,,,,,,,,,,,,,,,,,,,,,,,,,,,,,"What's New in Payroll",,"Global Payroll",,,,,,,,,,,"26DHCM0145"
"HCM","Payroll","Payroll for Ireland","Payroll Activity Centre","joanne.slevin@oracle.com","11.13.26.10.0","Ready","Published","Setup Required",,,,,"Anitha","Niki","Kurt",,"No","Not maintained in POD",,,,,,,,,,,,,,,,,,,,,,,,,,,,,,,,,,,,,,,,,,,,,,,,,,,,,"What's New in Payroll",,"Global Payroll",,,,,,,,,,,"26DHCM0146"
"HCM","Payroll","Payroll for Bahrain","Payroll Balance Migration Agent","fiona.sobey@oracle.com","11.13.26.10.0","New","Published","Setup Required",,,,,"Anitha","Niki","Kurt",,"No","Not maintained in POD",,,,,,,,,,,,,,,,,,,,,,,,,,,,,,,,,,,,,,,,,,,,,,,,,,,,,"What's New in Payroll",,"Global Payroll",,,,,,,,,,,"26DHCM0147"
"HCM","Payroll","Payroll for Oman","Payroll Balance Migration Agent","fiona.sobey@oracle.com","11.13.26.10.0","In Review","Published","Setup Required",,,,,"Anitha","Niki","Kurt",,"No","Not maintained in POD",,,,,,,,,,,,,,,,,,,,,,,,,,,,,,,,,,,,,,,,,,,,,,,,,,,,,"What's New in Payroll",,"Global Payroll",,,,,,,,,,,"26DHCM0148"
"HCM","Payroll","Payroll for Qatar","Payroll Balance Migration Agent","fiona.sobey@oracle.com","11.13.26.10.0","New","Published","Setup Required",,,,,"Anitha","Niki","Kurt",,"No","Not maintained in POD",,,,,,,,,,,,,,,,,,,,,,,,,,,,,,,,,,,,,,,,,,,,,,,,,,,,,"What's New in Payroll",,"Global Payroll",,,,,,,,,,,"26DHCM0149"
"HCM","Payroll","Payroll for France","Payroll Balance Migration Workflow Agent","elisabeth.kerneis@oracle.com","11.13.26.10.0","Ready","Published","Setup Required",,,,,"Anitha","Niki","Kurt",,"No","Not maintained in POD",,,,,,,,,,,,,,,,,,,,,,,,,,,,,,,,,,,,,,,,,,,,,,,,,,,,,"What's New in Payroll",,"Global Payroll",,,,,,,,,,,"26DHCM0150"
"HCM","Human Resources","Global Payroll Interface","Payroll Interface for ADP Global Payroll V2 Enhanced With Additional Salary Attributes","jayasankar.bhuvaneswaran@oracle.com","11.13.26.10.0","Ready","Published","Ready to use, small scale with prerequisite",,,,,"Anitha","Niki","Rohit",,"No","Feature is related to Payroll Interface",,,,,,,,,,,,,,,,,,,,,,,,,,,,,,,,,,,,,,,,,,,,,,,,,,,,,"What's New in Payroll",,"Global Payroll Interface",,,,,,,,,,,"26DHCM0151"
"HCM","Human Resources","Global Payroll Interface","Payroll Interface for ADP Global Payroll V2 Supports Embedded Integration Through Deeplink","jayasankar.bhuvaneswaran@oracle.com","11.13.26.10.0","In Review","Published","Ready to use, small scale with prerequisite",,,,,"Anitha","Niki","Rohit",,"No","Feature is related to Payroll Interface",,,,,,,,,,,,,,,,,,,,,,,,,,,,,,,,,,,,,,,,,,,,,,,,,,,,,"What's New in Payroll",,"Global Payroll Interface",,,,,,,,,,,"26DHCM0152"
"HCM","Human Resources","Global Payroll Interface","Payroll Interface for ADP Workforce Now Supports User-Entered Is Paid by WFN Indicator","jayasankar.bhuvaneswaran@oracle.com","11.13.26.10.0","Ready","Published","Ready to use, small scale with prerequisite",,,,,"Anitha","Niki","Rohit",,"No","Feature is related to Payroll Interface",,,,,,,,,,,,,,,,,,,,,,,,,,,,,,,,,,,,,,,,,,,,,,,,,,,,,"What's New in Payroll",,"Global Payroll Interface",,,,,,,,,,,"26DHCM0153"
"HCM","Payroll","Payroll for the United States","Payroll Run Analyst AI Agent Enhanced to Support the Tax Calculation Statement (Federal Income Tax)","rene.holtam@oracle.com","11.13.26.10.0","New","Published","Ready to use, small scale with prerequisite",,,,,"Anitha","Niki","Kurt",,"Yes",,"No","No",,,,,,"10/23/2026","Single NF",,,,,,,,,,,,,,,,,,,,,,,,,,,,,,,,,,,,,,,,,,,,"Become a Certified Payroll Implementer (US)",,"What's New in Payroll",,,,,,,,,,,"26DHCM0154"
"HCM","Payroll","Payroll for Ireland","Payslip Enhancements","joanne.slevin@oracle.com","11.13.26.10.0","Ready","Published","Ready to use, small scale",,,,,"Anitha","Niki","Kurt",,"No","Not maintained in POD",,,,,,,,,,,,,,,,,,,,,,,,,,,,,,,,,,,,,,,,,,,,,,,,,,,,,"What's New in Payroll",,"Global Payroll",,,,,,,,,,,"26DHCM0155"
"HCM","Human Resources","Global Payroll Interface","Perform a Baseline Extraction of Global Payroll Interface V2 and Copies","jayasankar.bhuvaneswaran@oracle.com","11.13.26.10.0","Ready","Published","Ready to use, small scale with prerequisite",,,,,"Anitha","Niki","Rohit",,"No","Feature is related to Payroll Interface",,,,,,,,,,,,,,,,,,,,,,,,,,,,,,,,,,,,,,,,,,,,,,,,,,,,,"What's New in Payroll",,"Global Payroll Interface",,,,,,,,,,,"26DHCM0156"
"HCM","Human Resources","Global Payroll Interface","Perform a Baseline Extraction of Payroll Interface for ADP Global Payroll","jayasankar.bhuvaneswaran@oracle.com","11.13.26.10.0","Ready","Published","Ready to use, small scale with prerequisite",,,,,"Anitha","Niki","Rohit",,"No","Feature is related to Payroll Interface",,,,,,,,,,,,,,,,,,,,,,,,,,,,,,,,,,,,,,,,,,,,,,,,,,,,,"What's New in Payroll",,"Global Payroll Interface",,,,,,,,,,,"26DHCM0157"
"HCM","Human Resources","Global Payroll Interface","Perform a Baseline Extraction of Payroll Interface for ADP Global Payroll V2","jayasankar.bhuvaneswaran@oracle.com","11.13.26.10.0","Ready","Published","Ready to use, small scale with prerequisite",,,,,"Anitha","Niki","Rohit",,"No","Feature is related to Payroll Interface",,,,,,,,,,,,,,,,,,,,,,,,,,,,,,,,,,,,,,,,,,,,,,,,,,,,,"What's New in Payroll",,"Global Payroll Interface",,,,,,,,,,,"26DHCM0158"
"HCM","Human Resources","Global Payroll Interface","Perform a Baseline Extraction of Payroll Interface for ADP Workforce Now","jayasankar.bhuvaneswaran@oracle.com","11.13.26.10.0","Ready","Published","Ready to use, small scale with prerequisite",,,,,"Anitha","Niki","Rohit",,"No","Feature is related to Payroll Interface",,,,,,,,,,,,,,,,,,,,,,,,,,,,,,,,,,,,,,,,,,,,,,,,,,,,,"What's New in Payroll",,"Global Payroll Interface",,,,,,,,,,,"26DHCM0159"
"HCM","Human Resources","Global Payroll Interface","Perform a Baseline Extraction of Payroll Interface for ADP Workforce Now V2","jayasankar.bhuvaneswaran@oracle.com","11.13.26.10.0","Ready","Published","Ready to use, small scale with prerequisite",,,,,"Anitha","Niki","Rohit",,"No","Feature is related to Payroll Interface",,,,,,,,,,,,,,,,,,,,,,,,,,,,,,,,,,,,,,,,,,,,,,,,,,,,,"What's New in Payroll",,"Global Payroll Interface",,,,,,,,,,,"26DHCM0160"
"HCM","Human Resources","Global Payroll Interface","Perform a Baseline Extraction of Payroll Interfaces Generated from Global Payroll Interface Template","jayasankar.bhuvaneswaran@oracle.com","11.13.26.10.0","Ready","Published","Ready to use, small scale with prerequisite",,,,,"Anitha","Niki","Rohit",,"No","Feature is related to Payroll Interface",,,,,,,,,,,,,,,,,,,,,,,,,,,,,,,,,,,,,,,,,,,,,,,,,,,,,"What's New in Payroll",,"Global Payroll Interface",,,,,,,,,,,"26DHCM0161"
"HCM","Payroll","Payroll for Ireland","Periodic Foreign Tax Credit","joanne.slevin@oracle.com","11.13.26.10.0","Ready","Published","Ready to use, small scale with prerequisite",,,,,"Anitha","Niki","Kurt",,"No","Not maintained in POD",,,,,,,,,,,,,,,,,,,,,,,,,,,,,,,,,,,,,,,,,,,,,,,,,,,,,"What's New in Payroll",,"Global Payroll",,,,,,,,,,,"26DHCM0162"
"HCM","Human Resources","Global Human Resources","Person Data Assistant Workflow Agent Enhancements","kathi.chenoweth@oracle.com","11.13.26.10.0","New","Published","Setup Required","AI agent",,,"Medium","Anitha","Niki","Rohit","Organizational Design to Execution","Yes",,"No","No","1Z0-1046-26Oracle Global Human Resources Cloud Implementation Professional","1D0-1046-26-D Oracle Global Human Resources Cloud  Implementation Professional",,,"Yes","10/15/2026","Single NF",,,,,,,,,,,,,,,,,,,,,,,,,,,,,,,,,,,,,,,,,,,,"What's New in Global Human Resources",,"Person",,,,,,,,,,,"26DHCM0163"
"HCM","Human Resources","Global Human Resources","Personal Information Assistant and Person Legislative Information Agents Are Replaced by Person Data Assistant Agent","kathi.chenoweth@oracle.com","11.13.26.10.0","In Review","Published","Ready to use, small scale","AI agent",,,,"Anitha","Niki","Rohit",,"No","Announcement , Nothing to Demo",,,,,,,,,,,,,,,,,,,,,,,,,,,,,,,,,,,,,,,,,,,,,,,,,,,,,"What's New in Global Human Resources",,"Person",,,,,,,,,,,"26DHCM0164"
"HCM","Human Resources","Human Capital Management for Peru","Peruvian DNI National Identifier Entry and Validation","ravinder.panwar@oracle.com","11.13.26.10.0","Ready","Published","Ready to use, small scale",,,,,"Anitha","Niki","Rohit",,"No","Feature is related to Peru legislation",,,,,,,,,,,,,,,,,,,,,,,,,,,,,,,,,,,,,,,,,,,,,,,,,,,,,"What's New in Global Human Resources",,"Person",,,,,,,,,,,"26DHCM0165"
"HCM","Compensation","Compensation","Preserve Salary Data for Changes in When Date","rajesh.jupudi@oracle.com","11.13.26.10.0","Ready","Published","Ready to use, small scale with prerequisite","Redwood Platform",,,,"Anitha","Niki","Kurt","Compensation Plans to Reward","Yes",,"No","Yes","1Z0-1049-26Oracle Compensation Cloud Implementation Professional","1D0-1049-26-D Oracle Compensation Cloud  Implementation Professional","Oracle Fusion Cloud HCM: Base Compensation","Become a Certified Compensation Implementer","WIP","10/23/2026","Single NF",,,,,,,,,,,,,,,,,,,,,,,,,,,,,,,,,,,,,,,,,,,,"Become a Certified Compensation Implementer",,"What's New in Compensation",,,,,,,,,,,"26DHCM0166"
"HCM","Compensation","Compensation","Preserve Selected Columns and Their Order","rajesh.jupudi@oracle.com","11.13.26.10.0","Ready","Published","Ready to use, small scale","Redwood Platform",,,,"Anitha","Niki","Kurt",,"No","Simple",,,,,,,,,,,,,,,,,,,,,,,,,,,,,,,,,,,,,,,,,,,,,,,,,,,,,"Become a Certified Compensation Implementer",,"What's New in Compensation",,,,,,,,,,,"26DHCM0167"
"HCM","Workforce Scheduling","Workforce Scheduling","Prioritize Minimum Staffing in Schedule Generation","sophie.merle@oracle.com","11.13.26.10.0","In Review","Published","Setup Required",,,,"NA","Anitha","Niki","Jess","Workforce Schedule to Payment","Yes","NA","No","No","N/A","N/A","Workforce Scheduling",,"Yes","10/8/2026","Single NF",,,,,,,,,,,,,,,,,,,,,,,,,,,,,,,,,,,,,,,,,,,,"What's New in Reporting",,"Workforce Scheduling",,,,,,,,,,,"26DHCM0168"
"HCM","Human Resources","Global Human Resources","Priority and Tags Available for Collection Tasks","shweta.ganguly@oracle.com","11.13.26.10.0","Ready","Published","Ready to use, small scale","Redwood Platform",,,"Medium","Anitha","Niki","Deb","Employee Onboarding to Retirement
","Yes",,"No","Yes","1Z0-1046-26Oracle Global Human Resources Cloud Implementation Professional","1D0-1046-26-D Oracle Global Human Resources Cloud  Implementation Professional","Oracle Fusion Cloud HCM: Journeys","Become a Certified Global Human Resources (Core HR) Implementer","WIP","10/23/2026","Combined Bundled NF","Collection Tasks in Journeys",,,,,,,,,,,,,,,,,,,,,,,,,,,,,,,,,,,,,,,,,,,"What's New in Global Human Resources",,"Journeys",,,,,,,,,,,"26DHCM0169"
"HCM","Human Resources","Global Human Resources","Process Automation Task Type No Longer Available in Journeys Setup","shweta.ganguly@oracle.com","11.13.26.10.0","Ready","Published","Ready to use, small scale","Redwood Platform",,,"NA","Anitha","Niki","Deb",,"No","This is the final notice of a process that has been communicated over several releases.",,,,,,,,,,,,,,,,,,,,,,,,,,,,,,,,,,,,,,,,,,,,,,,,,,,,,"What's New in Global Human Resources",,"Journeys",,,,,,,,,,,"26DHCM0170"
"HCM","Recruiting","Recruiting","Process Future-Dated Offers After Work Relationship Termination","viviane.filloles@oracle.com","11.13.26.10.0","Ready","Published","Ready to use, small scale","Redwood Platform",,,,"Anitha","Niki","Sarah",,"No","End user feature, no setup","No","No",,,,,"Yes",,,,,,,,,,,,,,,,,,,,,,,,,,,,,,,,,,,,,,,,,,,,,,"What's New in Recruiting",,"Recruiting",,,,,,,,,,,"26DHCM0171"
"HCM","Payroll","Payroll for the United Kingdom","Process Results Enhancements","joanne.slevin@oracle.com","11.13.26.10.0","Ready","Published","Ready to use, small scale",,,,,"Anitha","Niki","Kurt",,"TBD","Not sure maintained in POD",,,,,,,,,,,,,,,,,,,,,,,,,,,,,,,,,,,,,,,,,,,,,,,,,,,,,"What's New in Payroll",,"Payroll for the United Kingdom",,,,,,,,,,,"26DHCM0172"
"HCM","Payroll","Payroll for Ireland","Process Results Enhancements","joanne.slevin@oracle.com","11.13.26.10.0","Ready","Published","Ready to use, small scale",,,,,"Anitha","Niki","Kurt",,"No","Not maintained in POD",,,,,,,,,,,,,,,,,,,,,,,,,,,,,,,,,,,,,,,,,,,,,,,,,,,,,"What's New in Payroll",,"Global Payroll",,,,,,,,,,,"26DHCM0173"
"HCM","Human Resources","Global Human Resources","Propagate Historical Assignment Changes to Future Records","girish.singh@oracle.com","11.13.26.10.0","New","Published","Setup Required","Redwood Platform",,,,"Anitha","Niki","Rohit","Organizational Design to Execution","Yes",,"No","No","1Z0-1046-26Oracle Global Human Resources Cloud Implementation Professional","1D0-1046-26-D Oracle Global Human Resources Cloud  Implementation Professional",,,"Yes","10/13/2026","Single NF",,,,,,,,,,,,,,,,,,,,,,,,,,,,,,,,,,,,,,,,,,,,"What's New in Global Human Resources",,"Employment Processes",,,,,,,,,,,"26DHCM0174"
"HCM","Workforce Scheduling","Workforce Scheduling","Public Holidays in Workforce Schedule Gantt","suzana.radovic@oracle.com","11.13.26.10.0","Ready","Published","Setup Required",,,,"NA","Anitha","Niki","Jess","Workforce Schedule to Payment","Yes","NA","No","No","N/A","N/A","Workforce Scheduling",,"Yes","10/9/2026","Single NF",,,,,,,,,,,,,,,,,,,,,,,,,,,,,,,,,,,,,,,,,,,,"What's New in Reporting",,"Workforce Scheduling",,,,,,,,,,,"26DHCM0175"
"HCM","Oracle Me Employee Experience","HCM Communicate","Reach Employees Directly Through Microsoft Teams and Slack","lalatendu.patnaik@oracle.com","11.13.26.10.0","In Review","Published","Setup Required",,,,"NA","Anitha","Niki","Nigel","Workforce Goals to Performance","No","Does not fit scope","No","No",,,,,"Yes",,,,,,,,,,,,,,,,,,,,,,,,,,,,,,,,,,,,,,,,,,,,,,"What's New in Time & Labor",,"HCM Communicate",,,,,,,,,,,"26DHCM0176"
"HCM","Payroll","Payroll for the United Kingdom","Real Time Information - Enhanced Credentials Security","joanne.slevin@oracle.com","11.13.26.10.0","Ready","Published","Setup Required",,,,,"Anitha","Niki","Kurt",,"TBD","Not sure maintained in POD",,,,,,,,,,,,,,,,,,,,,,,,,,,,,,,,,,,,,,,,,,,,,,,,,,,,,"What's New in Payroll",,"Payroll for the United Kingdom",,,,,,,,,,,"26DHCM0177"
"HCM","Talent Management","Talent Management","Redwood Enabled by Default for Anytime (Give) Feedback and Requested Feedback Pages","andrew.gillibrand@oracle.com","11.13.26.10.0","New","New",,,,,"NA","Anitha","Niki","Nigel","Workforce Goals to Performance","No","Does not fit scope","No","No",,,,,"Yes",,,,,,,,,,,,,,,,,,,,,,,,,,,,,,,,,,,,,,,,,,,,,,"What's New in Talent Management",,"Talent Management Redwood",,,,,,,,,,,"26DHCM0178"
"HCM","Human Resources","Global Human Resources","Redwood Enabled by Default for Person Pages","kathi.chenoweth@oracle.com","11.13.26.10.0","In Review","Published","Ready to use, small scale with prerequisite","Redwood Platform",,,,"Anitha","Niki","Rohit","Organizational Design to Execution","Yes",,"No","No","1Z0-1046-26Oracle Global Human Resources Cloud Implementation Professional","1D0-1046-26-D Oracle Global Human Resources Cloud  Implementation Professional",,,"Yes","10/8/2026","Single NF",,,,,,,,,,,,,,,,,,,,,,,,,,,,,,,,,,,,,,,,,,,,"What's New in Global Human Resources",,"Person",,,,,,,,,,,"26DHCM0179"
"HCM","Human Resources","Global Human Resources","Redwood Enabled by Default for Positions Pages and Guided Processes in Update 27A","ute.bursian@oracle.com","11.13.26.10.0","In Review","Published","Ready to use, small scale with prerequisite","Redwood Platform",,,,"Anitha","Niki","Rohit","Organizational Design to Execution","Yes",,"No","No","1Z0-1046-26Oracle Global Human Resources Cloud Implementation Professional","1D0-1046-26-D Oracle Global Human Resources Cloud  Implementation Professional",,,"Yes","10/9/2026","Single NF",,,,,,,,,,,,,,,,,,,,,,,,,,,,,,,,,,,,,,,,,,,,"What's New in Global Human Resources",,"Workforce Structures",,,,,,,,,,,"26DHCM0180"
"HCM","Human Resources","Global Human Resources","Redwood Enabled by Default for Workforce Structures Pages","ipsita.ghosh@oracle.com","11.13.26.10.0","New","Published","Ready to use, small scale with prerequisite","Redwood Platform",,,,"Anitha","Niki","Rohit","Organizational Design to Execution","Yes",,"No","No","1Z0-1046-26Oracle Global Human Resources Cloud Implementation Professional","1D0-1046-26-D Oracle Global Human Resources Cloud  Implementation Professional",,,"Yes","10/9/2026",,,,,,,,,,,,,,,,,,,,,,,,,,,,,,,,,,,,,,,,,,,,,"What's New in Global Human Resources",,"Workforce Structures",,,,,,,,,,,"26DHCM0181"
"HCM","Compensation","Compensation","Redwood Experience for Administer Workers","kathrine.marlow@oracle.com","11.13.26.10.0","Ready","Published","Setup Required","Redwood Platform",,,,"Anitha","Niki","Kurt","Compensation Plans to Reward","Yes",,"No","Yes","1Z0-1049-26Oracle Compensation Cloud Implementation Professional","1D0-1049-26-D Oracle Compensation Cloud  Implementation Professional","Oracle Fusion Cloud HCM Workforce Compensation","Become a Certified Compensation Implementer","WIP","10/23/2026","Combined Primary NF","AdministerWorkersandBudgetAdjustments",,,,,,,,,,,,,,,,,,,,,,,,,,,,,,,,,,,,,,,,,,,"Become a Certified Compensation Implementer",,"What's New in Compensation",,,,,,,,,,,"26DHCM0182"
"HCM","Payroll","Global Payroll","Redwood Experience for Balance Adjustment","magesh.rajendran@oracle.com","11.13.26.10.0","Ready","Published","Ready to use, larger scale","Redwood Platform",,,,"Anitha","Niki","Kurt","Payroll Input to Payment","Yes",,"No","Yes","1Z0-1050-26Oracle Payroll Cloud Implementation Professional","1D0-1050-26 -D Oracle Payroll Cloud  Implementation Professional","Oracle Fusion Cloud HCM: Global Payroll","Become a Certified Payroll Implementer",,"10/23/2026","Single NF",,,,,,,,,,,,,,,,,,,,,,,,,,,,,,,,,,,,,,,,,,,,"What's New in Payroll",,"Global Payroll",,,,,,,,,,,"26DHCM0183"
"HCM","Payroll","Global Payroll","Redwood Experience for Fast Formula","mark.duckers@oracle.com","11.13.26.10.0","Reviewed","Published","Ready to use, small scale","Redwood Platform",,,,"Anitha","Niki","Kurt","Payroll Input to Payment","Yes",,"No","Yes","1Z0-1050-26Oracle Payroll Cloud Implementation Professional","1D0-1050-26 -D Oracle Payroll Cloud  Implementation Professional","Oracle Fusion Cloud HCM: Global Payroll","Become a Certified Payroll Implementer",,"10/23/2026","Single NF",,,,,,,,,,,,,,,,,,,,,,,,,,,,,,,,,,,,,,,,,,,,"What's New in Payroll",,"Global Payroll",,,,,,,,,,,"26DHCM0184"
"HCM","Human Resources","Global Payroll Interface","Redwood Experience for Global Payroll Interface Setup Pages","jayasankar.bhuvaneswaran@oracle.com","11.13.26.10.0","Ready","Published","Ready to use, small scale with prerequisite","Redwood Platform",,,,"Anitha","Niki","Rohit",,"No","Feature is related to Payroll Interface",,,,,,,,,,,,,,,,,,,,,,,,,,,,,,,,,,,,,,,,,,,,,,,,,,,,,"What's New in Payroll",,"Global Payroll Interface",,,,,,,,,,,"26DHCM0185"
"HCM","HCM Common","HCM Extract","Redwood Experience for HCM Extracts: Extract Definitions","priyadarshini.gopinath@oracle.com","11.13.26.10.0","Ready","Published","Ready to use, larger scale with prerequisite",,,,"NA","Anitha","Niki","Jess","NA","Yes","NA","No","No","N/A","N/A","HCM Extracting Data","Data Conversion","Yes","10/7/2026","Single NF",,"PPT in Progress",,,,,,"/teams/OUCloudAppsCurriculumProductManagementAutomation/Content%20Files/26D%20NF/HCM/Jess/26DHCM0186-RedwoodExperienceforHCMExtracts-ExtractDefinitions.pptx?web=1&action=edit",,,,,,,,,,,,,,,,,,,,,,,,,,,,,,,,,,,,"What's New in HCM Common",,"HCM Extract",,,,,,,,,,,"26DHCM0186"
"HCM","Human Resources","Global Human Resources","Redwood Experience for Mass Assignment Changes","ashita.mathur@oracle.com","11.13.26.10.0","New","Published","Setup Required","Redwood Platform",,,,"Anitha","Niki","Rohit",,"No","Small Scale",,,,,,,"Yes",,"Single NF",,,,,,,,,,,,,,,,,,,,,,,,,,,,,,,,,,,,,,,,,,,,"What's New in Global Human Resources",,"Employment Processes",,,,,,,,,,,"26DHCM0187"
"HCM","Payroll","Payroll for the United States","Redwood Experience for Multiple Balance Adjustments","shashank.priyadarshi@oracle.com","11.13.26.10.0","New","Published","Setup Required","Redwood Platform",,,,"Anitha","Niki","Kurt",,"Yes",,"No","No",,,,,,"10/23/2026","Single NF",,,,,,,,,,,,,,,,,,,,,,,,,,,,,,,,,,,,,,,,,,,,"Become a Certified Payroll Implementer (US)",,"What's New in Payroll",,,,,,,,,,,"26DHCM0188"
"HCM","Payroll","Global Payroll","Redwood Experience for Organization Calculation Cards","laura.gray@oracle.com","11.13.26.10.0","Ready","Published","Ready to use, larger scale with prerequisite","Redwood Platform",,,,"Anitha","Niki","Kurt","Payroll Input to Payment","Yes",,"No","Yes","1Z0-1050-26Oracle Payroll Cloud Implementation Professional","1D0-1050-26 -D Oracle Payroll Cloud  Implementation Professional","Oracle Fusion Cloud HCM: Global Payroll","Become a Certified Payroll Implementer",,"10/23/2026","Single NF",,,,,,,,,,,,,,,,,,,,,,,,,,,,,,,,,,,,,,,,,,,,"What's New in Payroll",,"Global Payroll",,,,,,,,,,,"26DHCM0189"
"HCM","Payroll","Global Payroll","Redwood Experience for Payroll Components","jo.spendeler@oracle.com","11.13.26.10.0","New","Published","Setup Required","Redwood Platform",,,,"Anitha","Niki","Kurt","Payroll Input to Payment","Yes",,"No","Yes","1Z0-1050-26Oracle Payroll Cloud Implementation Professional","1D0-1050-26 -D Oracle Payroll Cloud  Implementation Professional","Oracle Fusion Cloud HCM: Global Payroll","Become a Certified Payroll Implementer",,"10/23/2026","Single NF",,,,,,,,,,,,,,,,,,,,,,,,,,,,,,,,,,,,,,,,,,,,"What's New in Payroll",,"Global Payroll",,,,,,,,,,,"26DHCM0190"
"HCM","Human Resources","Global Payroll Interface","Redwood Experience for Payroll Integrations Page","jayasankar.bhuvaneswaran@oracle.com","11.13.26.10.0","Ready","Published","Ready to use, small scale with prerequisite","Redwood Platform",,,,"Anitha","Niki","Rohit",,"No","Feature is related to Payroll Interface",,,,,,,,,,,,,,,,,,,,,,,,,,,,,,,,,,,,,,,,,,,,,,,,,,,,,"What's New in Payroll",,"Global Payroll Interface",,,,,,,,,,,"26DHCM0191"
"HCM","Payroll","Global Payroll","Redwood Experience for Payroll Setup Pages","david.verslype@oracle.com","11.13.26.10.0","New","Published","Ready to use, larger scale","Redwood Platform",,,,"Anitha","Niki","Kurt","Payroll Input to Payment","Yes",,"No","Yes","1Z0-1050-26Oracle Payroll Cloud Implementation Professional","1D0-1050-26 -D Oracle Payroll Cloud  Implementation Professional","Oracle Fusion Cloud HCM: Global Payroll","Become a Certified Payroll Implementer",,"10/23/2026","Single NF",,,,,,,,,,,,,,,,,,,,,,,,,,,,,,,,,,,,,,,,,,,,"What's New in Payroll",,"Global Payroll",,,,,,,,,,,"26DHCM0192"
"HCM","Benefits","Benefits","Redwood Experience for Rate and Coverage User Values","tamara.d.mills@oracle.com","11.13.26.10.0","New","Published","Ready to use, small scale","Redwood Platform",,,"NA","Anitha","Niki","Deb","Benefits Enrollment To Coverage","Yes",,"No","Yes","1Z0-1053-26Oracle Benefits Cloud Implementation Professional","1D0-1053-26 -D Oracle Benefits Cloud  Implementation Professional","Oracle Fusion Cloud HCM: Benefits","Become a Certified Benefits Implementer","WIP","10/23/2026","Single NF",,,,,,,,"/teams/OUCloudAppsCurriculumProductManagementAutomation/Content%20Files/26D%20NF/HCM/Deb/26DHCM0193-RedwoodExperienceforRateandCoverageUserValues.pptx?web=1&action=edit",,,,,,,,,,,,,,,,,,,,,,,,,,,,,,,,,,,,"What’s New in Benefits",,"Benefits",,,,,,,,,,,"26DHCM0193"
"HCM","Compensation","Compensation","Redwood Experience for Transfer Workforce Compensation Data to HR process","kathrine.marlow@oracle.com","11.13.26.10.0","Ready","Published","Setup Required","Redwood Platform",,,,"Anitha","Niki","Kurt","Compensation Plans to Reward","Yes",,"No","Yes","1Z0-1049-26Oracle Compensation Cloud Implementation Professional","1D0-1049-26-D Oracle Compensation Cloud  Implementation Professional","Oracle Fusion Cloud HCM Workforce Compensation","Become a Certified Compensation Implementer","WIP","10/23/2026","Single NF",,,,,,,,,,,,,,,,,,,,,,,,,,,,,,,,,,,,,,,,,,,,"Become a Certified Compensation Implementer",,"What's New in Compensation",,,,,,,,,,,"26DHCM0194"
"HCM","Time and Labor","Time and Labor","Redwood Experience for Workday Definitions","byju.thampi@oracle.com","11.13.26.10.0","New","Published","Ready to use, larger scale with prerequisite","Redwood Platform",,,,"Anitha","Niki","Susan",,,,,,,,,,,,,,,,,,,,,,,,,,,,,,,,,,,,,,,,,,,,,,,,,,,,,,,,"What's New in Time & Labor",,"Time & Labor",,,,,,,,,,,"26DHCM0195"
"HCM","Compensation","Compensation","Redwood Experience for Workforce Compensation Plan Setup","kathrine.marlow@oracle.com","11.13.26.10.0","New","New","Setup Required","Redwood Platform",,,,"Anitha","Niki","Kurt","Compensation Plans to Reward","Yes",,"No","Yes","1Z0-1049-26Oracle Compensation Cloud Implementation Professional","1D0-1049-26-D Oracle Compensation Cloud  Implementation Professional","Oracle Fusion Cloud HCM Workforce Compensation","Become a Certified Compensation Implementer","WIP","10/23/2026","Single NF",,,,,,,,,,,,,,,,,,,,,,,,,,,,,,,,,,,,,,,,,,,,"Become a Certified Compensation Implementer",,"What's New in Compensation",,,,,,,,,,,"26DHCM0196"
"HCM","Human Resources","Global Human Resources","Redwood Mass Download of Document Records Supports Inactive Workers in Filtered Person List","shweta.ganguly@oracle.com","11.13.26.10.0","Ready","Ready","Ready to use, small scale","Redwood Platform",,,,"Anitha","Niki","Rohit",,"No","Small Scale",,,,,,,"Yes",,"Single NF",,,,,,,,,,,,,,,,,,,,,,,,,,,,,,,,,,,,,,,,,,,,"What's New in Global Human Resources",,"Person",,,,,,,,,,,"26DHCM0197"
"HCM","Talent Management","Performance Management","Redwood: Additional Requested Feedback Notifications","andrew.gillibrand@oracle.com","11.13.26.10.0","Ready","Published","Setup Required","Redwood Platform",,,"NA","Anitha","Niki","Nigel","Workforce Goals to Performance","No","Does not fit scope","Yes","Yes","1Z0-1052-26Oracle Talent Management Cloud Implementation Professional","1D0-1052-26-D Oracle Talent Management Cloud  Implementation Professional","Oracle Fusion Cloud HCM: Configure Goal and Performance Management","Become a Certified Talent Management Implementer","Yes","10/15/2026","Single NF","N/A",,,,,,,,,,,,,,,,,,,,,,,,,,,,,,,,,,,,,,,,,,,"What's New in Talent Management",,"Performance Management",,,,,,,,,,,"26DHCM0198"
"HCM","Talent Management","Profile Management","Redwood: Badges in Profiles","shailesh.dhawla@oracle.com","11.13.26.10.0","Ready","Published","Setup Required","Redwood Platform",,,"NA","Anitha","Niki","Nigel","Skills Development to Career Growth","No","Does not fit scope","Yes","Yes","1Z0-1052-26Oracle Talent Management Cloud Implementation Professional","1D0-1052-26-D Oracle Talent Management Cloud  Implementation Professional","Oracle Fusion Cloud HCM: Configuring Profile Management","Become a Certified Talent Management Implementer","Yes","10/15/2026","Single NF","N/A",,,,,,,,,,,,,,,,,,,,,,,,,,,,,,,,,,,,,,,,,,,"What's New in Talent Management",,"Profile Management",,,,,,,,,,,"26DHCM0199"
"HCM","Dynamic Skills","Skill Detail","Redwood: Enhanced Skill Details Drawer","shailesh.dhawla@oracle.com","11.13.26.10.0","Ready","Ready","Ready to use, small scale","Redwood Platform",,,,"Anitha","Niki","Sarah",,"TBD",,,,,,,,,,,,,,,,,,,,,,,,,,,,,,,,,,,,,,,,,,,,,,,,,,,,,,"What’s New in Dynamic Skills",,"Dynamic Skills",,,,,,,,,,,"26DHCM0200"
"HCM","Talent Management","Profile Management","Redwood: Limit Workers Available for Anytime Feedback Based on Person Public Notes Security","andrew.gillibrand@oracle.com","11.13.26.10.0","Ready","Published","Ready to use, small scale with prerequisite","Redwood Platform",,,"NA","Anitha","Niki","Nigel","Skills Development to Career Growth","No","Does not fit scope","No","No",,,,,"Yes","10/16/2026",,,,,,,,,,,,,,,,,,,,,,,,,,,,,,,,,,,,,,,,,,,,,"What's New in Talent Management",,"Profile Management",,,,,,,,,,,"26DHCM0201"
"HCM","Talent Management","Performance Management","Redwood: Make Requested Feedback Share Options Read-Only and Configure Page Properties with New Contexts","andrew.gillibrand@oracle.com","11.13.26.10.0","Ready","Published","Visual Builder",,,,"NA","Anitha","Niki","Nigel","Workforce Goals to Performance","No","Does not fit scope","Yes","No",,,"Oracle Fusion Cloud HCM: Configure Goal and Performance Management","Become a Certified Talent Management Implementer","Yes","10/19/2026","Single NF","N/A",,,,,,,,,,,,,,,,,,,,,,,,,,,,,,,,,,,,,,,,,,,"What's New in Talent Management",,"Performance Management",,,,,,,,,,,"26DHCM0202"
"HCM","Talent Management","Performance Management","Redwood: Time-Based Autosave for Providing Requested Feedback","andrew.gillibrand@oracle.com","11.13.26.10.0","Ready","Published","Setup Required","Redwood Platform",,,"NA","Anitha","Niki","Nigel","Workforce Goals to Performance","No","Does not fit scope","Yes","No",,,"Oracle Fusion Cloud HCM: Configure Goal and Performance Management","Become a Certified Talent Management Implementer","Yes","10/16/2026","Single NF","N/A",,,,,,,,,,,,,,,,,,,,,,,,,,,,,,,,,,,,,,,,,,,"What's New in Talent Management",,"Performance Management",,,,,,,,,,,"26DHCM0203"
"HCM","Talent Management","Profile Management","Redwood: View Talent Profile in a Talent Review Drawer","shailesh.dhawla@oracle.com","11.13.26.10.0","Ready","Published","Ready to use, small scale with prerequisite","Redwood Platform",,,"NA","Anitha","Niki","Nigel","Skills Development to Career Growth","No","Does not fit scope","No","No",,,"Oracle Fusion Cloud HCM: Configuring Profile Management",,"Yes","10/16/2026","Single NF","N/A",,,,,,,,,,,,,,,,,,,,,,,,,,,,,,,,,,,,,,,,,,,"What's New in Talent Management",,"Profile Management",,,,,,,,,,,"26DHCM0204"
"HCM","Talent Management","Profile Management","Redwood: View Talent Ratings in a Talent Review Drawer","shailesh.dhawla@oracle.com","11.13.26.10.0","Ready","Published","Ready to use, small scale","Redwood Platform",,,"NA","Anitha","Niki","Nigel","Skills Development to Career Growth","No","Does not fit scope",,,,,"Oracle Fusion Cloud HCM: Configuring Profile Management",,"Yes","10/19/2026","Single NF","N/A",,,,,,,,,,,,,,,,,,,,,,,,,,,,,,,,,,,,,,,,,,,"What's New in Talent Management",,"Profile Management",,,,,,,,,,,"26DHCM0205"
"HCM","Human Resources","Global Human Resources","Relevant Status Displayed for Expired Journeys","shweta.ganguly@oracle.com","11.13.26.10.0","Ready","Published","Ready to use, small scale","Redwood Platform",,,"NA","Anitha","Niki","Deb","Employee Onboarding to Retirement
","Yes",,"No","Yes","1Z0-1046-26Oracle Global Human Resources Cloud Implementation Professional","1D0-1046-26-D Oracle Global Human Resources Cloud  Implementation Professional","Oracle Fusion Cloud HCM: Journeys","Become a Certified Global Human Resources (Core HR) Implementer","WIP","10/23/2026","Single NF",,,,,,,,"/teams/OUCloudAppsCurriculumProductManagementAutomation/Content%20Files/26D%20NF/HCM/Deb/26DHCM0206-RelevantStatusDisplayedforExpiredJourneys.pptx?web=1&action=edit",,,,,,,,,,,,,,,,,,,,,,,,,,,,,,,,,,,,"What's New in Global Human Resources",,"Journeys",,,,,,,,,,,"26DHCM0206"
"HCM","Human Resources","Global Human Resources","Reorder Fields in Redwood Employment Processes Using Business Rules","shweta.ganguly@oracle.com","11.13.26.10.0","Ready","In Review","Ready to use, small scale with prerequisite","Redwood Platform",,,,"Anitha","Niki","Rohit","Organizational Design to Execution","Yes",,"No","No","1Z0-1046-26Oracle Global Human Resources Cloud Implementation Professional","1D0-1046-26-D Oracle Global Human Resources Cloud  Implementation Professional",,,"Yes","10/8/2026","Single NF",,,,,,,,,,,,,,,,,,,,,,,,,,,,,,,,,,,,,,,,,,,,"What's New in Global Human Resources",,"Employment Processes",,,,,,,,,,,"26DHCM0207"
"HCM","Human Resources","Global Human Resources","Reorder Fields on Redwood Document Records Pages Using Business Rules","shweta.ganguly@oracle.com","11.13.26.10.0","Ready","Ready","Setup Required","Redwood Platform",,,,"Anitha","Niki","Rohit","Organizational Design to Execution","Yes",,"No","No","1Z0-1046-26Oracle Global Human Resources Cloud Implementation Professional","1D0-1046-26-D Oracle Global Human Resources Cloud  Implementation Professional",,,"Yes","10/8/2026","Single NF",,,,,,,,,,,,,,,,,,,,,,,,,,,,,,,,,,,,,,,,,,,,"What's New in Global Human Resources",,"Document Records",,,,,,,,,,,"26DHCM0208"
"HCM","Talent Management","Goal Management","Reorder Fields on the Goal Details page","nancy.lang@oracle.com","11.13.26.10.0","Ready","Published","Setup Required","Redwood Platform",,,"NA","Anitha","Niki","Nigel","Workforce Goals to Performance","No","Does not fit scope","Yes","No",,,"Oracle Fusion Cloud HCM: Configure  Goal and Performance Management","Become a Certified Talent Management Implementer","Yes","10/19/2026","Single NF","N/A",,,,,,,,,,,,,,,,,,,,,,,,,,,,,,,,,,,,,,,,,,,"What's New in Talent Management",,"Goal Management",,,,,,,,,,,"26DHCM0209"
"HCM","Human Resources","Global Human Resources","Retain Transaction Changes On Changing the Effective Date in Redwood Employment Processes","ashita.mathur@oracle.com","11.13.26.10.0","New","Published","Setup Required","Redwood Platform",,,,"Anitha","Niki","Rohit","Organizational Design to Execution","Yes",,"No","No","1Z0-1046-26Oracle Global Human Resources Cloud Implementation Professional","1D0-1046-26-D Oracle Global Human Resources Cloud  Implementation Professional",,,"Yes","10/14/2026","Single NF",,,,,,,,,,,,,,,,,,,,,,,,,,,,,,,,,,,,,,,,,,,,"What's New in Global Human Resources",,"Employment Processes",,,,,,,,,,,"26DHCM0210"
"HCM","Payroll","Global Payroll","Retire Upgraded Time Elements","jo.spendeler@oracle.com","11.13.26.10.0","New","Published","Setup Required",,,,,"Anitha","Niki","Kurt","Payroll Input to Payment","No","Deprecation of feature",,,,,,,,,,,,,,,,,,,,,,,,,,,,,,,,,,,,,,,,,,,,,,,,,,,,,"What's New in Payroll",,"Global Payroll",,,,,,,,,,,"26DHCM0211"
"HCM","Payroll","Global Payroll","Retropay Enhancements for Multiple Payroll Runs in a Period","laura.gray@oracle.com","11.13.26.10.0","Ready","Published","Setup Required",,,,,"Anitha","Niki","Kurt","Payroll Input to Payment","Yes",,"No","Yes","1Z0-1050-26Oracle Payroll Cloud Implementation Professional","1D0-1050-26 -D Oracle Payroll Cloud  Implementation Professional","Oracle Fusion Cloud HCM: Global Payroll","Become a Certified Payroll Implementer",,"10/23/2026","Single NF",,,,,,,,,,,,,,,,,,,,,,,,,,,,,,,,,,,,,,,,,,,,"What's New in Payroll",,"Global Payroll",,,,,,,,,,,"26DHCM0212"
"HCM","Absence Management","Absence Management","Review Compensatory Plan Balances as Running Totals","amarja.l.lokare@oracle.com","11.13.26.10.0","Ready","Published","Ready to use, small scale",,,,"Medium","Anitha","Niki","Nigel","Absence Policy to Compliance","No","Does not fit scope","No","No",,,"Oracle Fusion Cloud HCM: Absence Management",,"Yes","10/7/2026","Single NF","N/A",,,,,,,"/teams/OUCloudAppsCurriculumProductManagementAutomation/Content%20Files/26D%20NF/HCM/Nigel/26DHCM0213-ReviewCompensatoryPlanBalancesasRunningTotals.pptx?web=1&action=edit",,,,,,,,,,,,,,,,,,,,,,,,,,,,,,,,,,,,"What's New in Absence Management",,"Absence Management",,,,,,,,,,,"26DHCM0213"
"HCM","Learning and Development","Learning Experience and Management","Review Participant Selection Filtered Lists","surreash.kcumar@oracle.com","11.13.26.10.0","Ready","Published","Ready to use, small scale","Redwood Platform",,,,"Anitha","Niki","TBD",,,,,,,,,,,,,,,,,,,,,,,,,,,,,,,,,,,,,,,,,,,,,,,,,,,,,,,,"What's New in Talent Management",,"Learning",,,,,,,,,,,"26DHCM0214"
"HCM","Benefits","Benefits","Review Payroll Element Details on the Redwood Benefits Summary Page","tamara.d.mills@oracle.com","11.13.26.10.0","New","Published","Ready to use, small scale with prerequisite","Redwood Platform",,,"Low","Anitha","Niki","Deb","Benefits Enrollment To Coverage","Yes",,"No","Yes","1Z0-1053-26Oracle Benefits Cloud Implementation Professional","1D0-1053-26 -D Oracle Benefits Cloud  Implementation Professional","Oracle Fusion Cloud HCM: Benefits","Become a Certified Benefits Implementer","WIP","10/23/2026","Single NF",,,,,,,,"/teams/OUCloudAppsCurriculumProductManagementAutomation/Content%20Files/26D%20NF/HCM/Deb/26DHCM0215-ReviewPayrollElementDetailsontheRedwoodBenefitsSummaryPage.pptx?web=1&action=edit",,,,,,,,,,,,,,,,,,,,,,,,,,,,,,,,,,,,"What’s New in Benefits",,"Benefits",,,,,,,,,,,"26DHCM0215"
"HCM","Payroll","Payroll for Saudi Arabia","Saudi Gratuity Calculation Update","fiona.sobey@oracle.com","11.13.26.10.0","In Review","Published","Ready to use, small scale",,,,,"Anitha","Niki","Kurt",,"No","Not maintained in POD",,,,,,,,,,,,,,,,,,,,,,,,,,,,,,,,,,,,,,,,,,,,,,,,,,,,,"What's New in Payroll",,"Global Payroll",,,,,,,,,,,"26DHCM0216"
"HCM","Recruiting","Recruiting Booster","Save and Categorize Email Attachments Manually","manasa.majji@oracle.com","11.13.26.10.0","Ready","Published","Setup Required","Redwood Platform",,,,"Anitha","Niki","Sarah",,"No","Can't access messages","No","No",,,,,"Yes",,,,,,,,,,,,,,,,,,,,,,,,,,,,,,,,,,,,,,,,,,,,,,"What's New in Recruiting",,"Recruiting Booster",,,,,,,,,,,"26DHCM0217"
"HCM","Payroll","Payroll for the United States","SECURE 2.0 Act Section 603 Catch-Up Eligibility Update","mukesh.tyagi@oracle.com","11.13.26.10.0","New","Published","Ready to use, small scale",,,,,"Anitha","Niki","Kurt",,"Yes",,"No","No",,,,,,"10/23/2026","Single NF",,,,,,,,,,,,,,,,,,,,,,,,,,,,,,,,,,,,,,,,,,,,"What's New in Payroll",,"Global Payroll",,,,,,,,,,,"26DHCM0218"
"HCM","Human Resources","Global Human Resources","Security for Tasks in Journey Task Library","shweta.ganguly@oracle.com","11.13.26.10.0","Ready","Published","Setup Required","AI agent",,,"NA","Anitha","Niki","Deb","Employee Onboarding to Retirement
","Yes",,"No","Yes","1Z0-1046-26Oracle Global Human Resources Cloud Implementation Professional","1D0-1046-26-D Oracle Global Human Resources Cloud  Implementation Professional","Oracle Fusion Cloud HCM: Journeys","Become a Certified Global Human Resources (Core HR) Implementer","WIP","10/23/2026","Single NF",,,,,,,,"/teams/OUCloudAppsCurriculumProductManagementAutomation/Content%20Files/26D%20NF/HCM/Deb/26DHCM0219-SecurityforTasksinJourneyTaskLibrary.pptx?web=1&action=edit",,,,,,,,,,,,,,,,,,,,,,,,,,,,,,,,,,,,"What's New in Global Human Resources",,"Journeys",,,,,,,,,,,"26DHCM0219"
"HCM","Recruiting","Recruiting","Send Attachments with Email Notification Templates","manasa.majji@oracle.com","11.13.26.10.0","Ready","Published","Setup Required",,,,,"Anitha","Niki","Sarah",,"Yes",,"No","No",,,,,"Yes",,"Combined Bundled NF","Recruiting Notification Library Updates",,,,,,,,,,,,,,,,,,,,,,,,,,,,,,,,,,,,,,,,,,,"What's New in Recruiting",,"Recruiting",,,,,,,,,,,"26DHCM0220"
"HCM","Oracle Me Employee Experience","HCM Communicate","Separate Event Audience and Promotions","vinay.kumar.chittimilla@oracle.com","11.13.26.10.0","Ready","Published","Ready to use, small scale","Redwood Platform",,,"NA","Anitha","Niki","Nigel","Workforce Goals to Performance","No","Does not fit scope","No","No",,,,,"Yes","10/19/2026","Single NF","N/A",,,,,,,,,,,,,,,,,,,,,,,,,,,,,,,,,,,,,,,,,,,"What's New in Time & Labor",,"HCM Communicate",,,,,,,,,,,"26DHCM0221"
"HCM","Human Resources","Global Human Resources","Separate Line Manager Access to Work Patterns","sophie.merle@oracle.com","11.13.26.10.0","In Review","Published","Security Adjustment",,,,,"Anitha","Niki","Rohit",,"No","Low demo value: this is primarily a role security change; the key work is assigning the new privileges, especially for custom line manager roles.",,,,,,,,,,,,,,,,,,,,,,,,,,,,,,,,,,,,,,,,,,,,,,,,,,,,,"What's New in Global Human Resources",,"Workforce Structures",,,,,,,,,,,"26DHCM0222"
"HCM","Workforce Scheduling","Workforce Scheduling","Shift Assignment Assistant","brent.hansen@oracle.com","11.13.26.10.0","New","Published","Ready to use, small scale with prerequisite","AI agent",,,"High","Anitha","Niki","Jess","Workforce Schedule to Payment","Yes","NA","No","No","N/A","N/A","Workforce Scheduling",,"Yes","10/19/2026","Single NF",,,,,,,,,,,,,,,,,,,,,,,,,,,,,,,,,,,,,,,,,,,,"What's New in Reporting",,"Workforce Scheduling",,,,,,,,,,,"26DHCM0223"
"HCM","Talent Management","Talent Review","Simplified Facilitator and Review Population Setup","aashir.shroff@oracle.com","11.13.26.10.0","New","Published","Ready to use, small scale","Redwood Platform",,,"NA","Anitha","Niki","Nigel","Workforce Goals to Performance ","No","Does not fit scope","No","No",,,"Oracle Fusion Cloud HCM: Succession Planning and Talent Reviews",,"Yes","10/20/2026","Single NF","N/A",,,,,,,,,,,,,,,,,,,,,,,,,,,,,,,,,,,,,,,,,,,"What's New in Talent Management",,"Talent Review",,,,,,,,,,,"26DHCM0224"
"HCM","Payroll","Payroll for Ireland","Simplified Run Result Contexts","joanne.slevin@oracle.com","11.13.26.10.0","Ready","Published","Setup Required",,,,,"Anitha","Niki","Kurt",,"No","Not maintained in POD",,,,,,,,,,,,,,,,,,,,,,,,,,,,,,,,,,,,,,,,,,,,,,,,,,,,,"What's New in Payroll",,"Global Payroll",,,,,,,,,,,"26DHCM0225"
"HCM","Talent Management","Check-Ins","Simplify Check-Ins Experience","ramasubramanian.b.balasundara@oracle.com","11.13.26.10.0","Ready","Published","Setup Required","Redwood Platform",,,"NA","Anitha","Niki","Nigel","Workforce Goals to Performance","No","Does not fit scope","No","No",,,"Oracle Fusion Cloud HCM: Configure Goal and Performance Management","Become a certified Talent Management Implementer","Yes","10/20/2026","Single NF","N/A",,,,,,,,,,,,,,,,,,,,,,,,,,,,,,,,,,,,,,,,,,,"What's New in Talent Management",,"Check-Ins",,,,,,,,,,,"26DHCM0226"
"HCM","Workforce Scheduling","Workforce Scheduling","Streamlined Shift Assignment in the Workforce Schedule Gantt","suzana.radovic@oracle.com","11.13.26.10.0","Ready","Published","Setup Required",,,,"NA","Anitha","Niki","Jess","Workforce Schedule to Payment","Yes","NA","No","No","N/A","N/A","Workforce Scheduling",,"Yes","10/9/2026","Single NF",,,,,,,,,,,,,,,,,,,,,,,,,,,,,,,,,,,,,,,,,,,,"What's New in Reporting",,"Workforce Scheduling",,,,,,,,,,,"26DHCM0227"
"HCM","Talent Management","Goal Management","Support Delete and Manager Assign Goal Actions in Goals Agents","nancy.lang@oracle.com","11.13.26.10.0","Ready","Ready","Setup Required","AI agent,Redwood Platform",,,"NA","Anitha","Niki","Nigel","Workforce Goals to Performance","Yes","N/A","No","Yes","1Z0-1052-26Oracle Talent Management Cloud Implementation Professional","1D0-1052-26-D Oracle Talent Management Cloud  Implementation Professional","Oracle Fusion Cloud HCM: Configure  Goal and Performance Management",,"Yes","10/12/2026","Single NF","N/A",,,,,,,,,,,,,,,,,,,,,,,,,,,,,,,,,,,,,,,,,,,"What's New in Talent Management",,"Goal Management",,,,,,,,,,,"26DHCM0228"
"HCM","Learning and Development","Learning Experience and Management","Support for Self-Paced Learning in Courses","surreash.kcumar@oracle.com","11.13.26.10.0","Ready","Published","Setup Required","Redwood Platform",,,,"Anitha","Niki","TBD",,,,,,,,,,,,,,,,,,,,,,,,,,,,,,,,,,,,,,,,,,,,,,,,,,,,,,,,"What's New in Talent Management",,"Learning",,,,,,,,,,,"26DHCM0229"
"HCM","Talent Management","Goal Management","Support Goal Level Approvals in the Employee Goals Assistant Agent","nancy.lang@oracle.com","11.13.26.10.0","Ready","Ready","Setup Required","AI agent,Redwood Platform",,,"NA","Anitha","Niki","Nigel","Workforce Goals to Performance","Yes","N/A","No","Yes","1Z0-1052-26Oracle Talent Management Cloud Implementation Professional","1D0-1052-26-D Oracle Talent Management Cloud  Implementation Professional","Oracle Fusion Cloud HCM: Configure  Goal and Performance Management",,"Yes","10/12/2026","Single NF","N/A",,,,,,,,,,,,,,,,,,,,,,,,,,,,,,,,,,,,,,,,,,,"What's New in Talent Management",,"Goal Management",,,,,,,,,,,"26DHCM0230"
"HCM","Talent Management","Goal Management","Support Updating Goal Progress Notes in Goal Management Agents","nancy.lang@oracle.com","11.13.26.10.0","Ready","Ready","Setup Required","AI agent,Redwood Platform",,,"NA","Anitha","Niki","Nigel","Workforce Goals to Performance","Yes","N/A","No","No",,,"Oracle Fusion Cloud HCM: Configure  Goal and Performance Management",,"Yes","10/12/2026","Single NF","N/A",,,,,,,,,,,,,,,,,,,,,,,,,,,,,,,,,,,,,,,,,,,"What's New in Talent Management",,"Goal Management",,,,,,,,,,,"26DHCM0231"
"HCM","Human Resources","Global Human Resources","Surfacing Areas of Responsibility Maintenance Activities for HCM Administrators","stephanie.moxley@oracle.com","11.13.26.10.0","New","New",,,,,,"Anitha","Niki","Rohit",,"No","Not visible in Readiness portal",,,,,,,,,,,,,,,,,,,,,,,,,,,,,,,,,,,,,,,,,,,,,,,,,,,,,"What's New in Global Human Resources",,"Document Records",,,,,,,,,,,"26DHCM0232"
"HCM","Human Resources","Global Human Resources","Synchronize Position Name and Blank Position Values Using HCM Data Loader (HDL)","ashita.mathur@oracle.com","11.13.26.10.0","New","Published","Ready to use, small scale","Redwood Platform",,,,"Anitha","Niki","Rohit",,"No","Small Scale",,,,,,,,,,,,,,,,,,,,,,,,,,,,,,,,,,,,,,,,,,,,,,,,,,,,,"What's New in Global Human Resources",,"Workforce Structures",,,,,,,,,,,"26DHCM0233"
"HCM","Talent Management","Talent Review","Talent Review and Succession Planning Decision Support Enhancements","aashir.shroff@oracle.com","11.13.26.10.0","New","New",,,,,"NA","Anitha","Niki","Nigel","Workforce Goals to Performance ","No","Does not fit scope",,,,,,,"Yes",,,,,,,,,,,,,,,,,,,,,,,,,,,,,,,,,,,,,,,,,,,,,,"What's New in Talent Management",,"Talent Review",,,,,,,,,,,"26DHCM0234"
"HCM","Payroll","Payroll for Saudi Arabia","Taqaud Plus Additional Social Insurance","fiona.sobey@oracle.com","11.13.26.10.0","In Review","Published","Setup Required",,,,,"Anitha","Niki","Kurt",,"No","Not maintained in POD",,,,,,,,,,,,,,,,,,,,,,,,,,,,,,,,,,,,,,,,,,,,,,,,,,,,,"What's New in Payroll",,"Global Payroll",,,,,,,,,,,"26DHCM0235"
"HCM","Payroll","Payroll for the United States","Tax Calculation Statement Page: Federal Income Tax","rene.holtam@oracle.com","11.13.26.10.0","New","Published","Ready to use, larger scale",,,,,"Anitha","Niki","Kurt",,"Yes",,"No","No",,,,,,"10/23/2026","Single NF",,,,,,,,,,,,,,,,,,,,,,,,,,,,,,,,,,,,,,,,,,,,"Become a Certified Payroll Implementer (US)",,"What's New in Payroll",,,,,,,,,,,"26DHCM0236"
"HCM","Payroll","Payroll for Mexico","Tax Calculation Statement Page: Social Security","nikhil.francis@oracle.com","11.13.26.10.0","Ready","Published","Ready to use, larger scale",,,,,"Anitha","Niki","Kurt",,"TBD","Not sure maintained in POD",,,,,,,,,,,,,,,,,,,,,,,,,,,,,,,,,,,,,,,,,,,,,,,,,,,,,"What's New in Payroll",,"Global Payroll",,,,,,,,,,,"26DHCM0237"
"HCM","Payroll","Payroll for Canada","Tax Credit and Total Claim Amount Indexing","garrick.bassey@oracle.com","11.13.26.10.0","New","Published","Ready to use, small scale",,,,,"Anitha","Niki","Kurt",,"TBD","Not sure maintained in POD",,,,,,,,,,,,,,,,,,,,,,,,,,,,,,,,,,,,,,,,,,,,,,,,,,,,,"Become a Certified Payroll Implementer (US)",,"What's New in Payroll",,,,,,,,,,,"26DHCM0238"
"HCM","Payroll","Payroll for the United States","Tax Enforcement Enhancement for Tax Withholding Cards","john.x.lawson@oracle.com","11.13.26.10.0","New","Published","Ready to use, small scale",,,,,"Anitha","Niki","Kurt",,"TBD","Not sure maintained in POD","No","No",,,,,,"10/23/2026",,,,,,,,,,,,,,,,,,,,,,,,,,,,,,,,,,,,,,,,,,,,,"Become a Certified Payroll Implementer (US)",,"What's New in Payroll",,,,,,,,,,,"26DHCM0239"
"HCM","Talent Management","Profile Management","Techwolf Skills Catalog Connector","shailesh.dhawla@oracle.com","11.13.26.10.0","Ready","Published","Setup Required",,,,"NA","Anitha","Niki","Nigel","Skills Development to Career Growth","No","Does not fit scope","Yes","Yes","1Z0-1052-26Oracle Talent Management Cloud Implementation Professional","1D0-1052-26-D Oracle Talent Management Cloud  Implementation Professional","Oracle Fusion Cloud HCM: Configuring Profile Management","Become a Certified Talent Management Implementer","Yes","10/20/2026","Single NF","N/A",,,,,,,,,,,,,,,,,,,,,,,,,,,,,,,,,,,,,,,,,,,"What's New in Talent Management",,"Profile Management",,,,,,,,,,,"26DHCM0240"
"HCM","Time and Labor","Time and Labor","Time Profiles Analyst","sreekanth.g.gannavarapu@oracle.com","11.13.26.10.0","Reviewed","Published","Setup Required",,,,,"Anitha","Niki","Susan",,,,,,,,,,,,,,,,,,,,,,,,,,,,,,,,,,,,,,,,,,,,,,,,,,,,,,,,"What's New in Time & Labor",,"Time & Labor",,,,,,,,,,,"26DHCM0241"
"HCM","Compensation","Compensation","Total Compensation Statement: AI Agent - Additional Features","gail.langendorf@oracle.com","11.13.26.10.0","Ready","Published","Setup Required","AI agent,Redwood Platform",,,,"Anitha","Niki","Kurt","Compensation Plans to Reward","TBD","If configured in POD","No","Yes","1Z0-1049-26Oracle Compensation Cloud Implementation Professional","1D0-1049-26-D Oracle Compensation Cloud  Implementation Professional","Oracle HCM Cloud: Total Compensation","Become a Certified Compensation Implementer","WIP","10/23/2026","Single NF",,,,,,,,,,,,,,,,,,,,,,,,,,,,,,,,,,,,,,,,,,,,"Become a Certified Compensation Implementer",,"What's New in Compensation",,,,,,,,,,,"26DHCM0242"
"HCM","Recruiting","Recruiting Booster","Track Topics and Questions During Zoom Interviews","nicolas.pelletier@oracle.com","11.13.26.10.0","Ready","Published","Setup Required","AI agent",,,,"Anitha","Niki","Sarah",,"No","Integration not set up","No","No",,,,,"Yes",,,,,,,,,,,,,,,,,,,,,,,,,,,,,,,,,,,,,,,,,,,,,,"What's New in Recruiting",,"Recruiting Booster",,,,,,,,,,,"26DHCM0243"
"HCM","Absence Management","Absence Management","Transfer Absence Entries on the Timecard to Project Costing","barbara.fox@oracle.com","11.13.26.10.0","New","Published","Setup Required",,,,"High","Anitha","Niki","Nigel","Absence Policy to Compliance","Yes","N/A","Yes","Yes","1Z0-1047-26Oracle Absence Management Cloud Implementation Professional","1D0-1047-26-D Oracle Absence Management Cloud  Implementation Professional","Oracle Fusion Cloud HCM: Absence Management","Become a certified absence management implementer","Yes","10/13/2026","Single NF","N/A",,,,,,,"/teams/OUCloudAppsCurriculumProductManagementAutomation/Content%20Files/26D%20NF/HCM/Nigel/26DHCM0244-TransferAbsenceEntriesontheTimecardtoProjectCosting.pptx?web=1&action=edit",,,,,,,,,,,,,,,,,,,,,,,,,,,,,,,,,,,,"What's New in Absence Management",,"Absence Management",,,,,,,,,,,"26DHCM0244"
"HCM","Time and Labor","Time and Labor","Transfer Absence Entries on the Timecard to Project Costing","barbara.fox@oracle.com","11.13.26.10.0","New","New",,,,,,"Anitha","Niki","Susan",,,,,,,,,,,,,,,,,,,,,,,,,,,,,,,,,,,,,,,,,,,,,,,,,,,,,,,,"What's New in Time & Labor",,"Time & Labor",,,,,,,,,,,"26DHCM0245"
"HCM","Absence Management","Absence Management","Transfer Calculated Time Entries for Absences to Payroll","barbara.fox@oracle.com","11.13.26.10.0","New","Published","Setup Required",,,,"NA","Anitha","Niki","Nigel","Absence Policy to Compliance","No","Does not fit scope","Yes","Yes","1Z0-1047-26Oracle Absence Management Cloud Implementation Professional","1D0-1047-26-D Oracle Absence Management Cloud  Implementation Professional","Oracle Fusion Cloud HCM: Absence Management","Become a certified absence management implementer","Yes","10/7/2026","Single NF","N/A",,,,,,,"/teams/OUCloudAppsCurriculumProductManagementAutomation/Content%20Files/26D%20NF/HCM/Nigel/26DHCM0246-TransferCalculatedTimeEntriesforAbsencestoPayroll.pptx?web=1&action=edit",,,,,,,,,,,,,,,,,,,,,,,,,,,,,,,,,,,,"What's New in Absence Management",,"Absence Management",,,,,,,,,,,"26DHCM0246"
"HCM","Time and Labor","Time and Labor","Transfer calculated time entries for Absences to Payroll","barbara.fox@oracle.com","11.13.26.10.0","New","New",,,,,,"Anitha","Niki","Susan",,,,,,,,,,,,,,,,,,,,,,,,,,,,,,,,,,,,,,,,,,,,,,,,,,,,,,,,"What's New in Time & Labor",,"Time & Labor",,,,,,,,,,,"26DHCM0247"
"HCM","Recruiting","Recruiting","Transition From Digital Assistant on Recruiting Sites","allison.nicholson@oracle.com","11.13.26.10.0","Ready","Published","Ready to use, small scale","AI agent",,,,"Anitha","Niki","Sarah",,"No","Deprecation of feature","Yes","No",,,,,"Yes",,,,,,,,,,,,,,,,,,,,,,,,,,,,,,,,,,,,,,,,,,,,,,"What's New in Recruiting",,"Recruiting",,,,,,,,,,,"26DHCM0248"
"HCM","Human Resources","Global Human Resources","Translation Editor with Generative AI on Redwood Departments, Job Families, Locations, and Positions Pages","ipsita.ghosh@oracle.com","11.13.26.10.0","New","Published","Setup Required","Redwood Platform",,,"Medium","Anitha","Niki","Rohit","Organizational Design to Execution","Yes",,"No","No","1Z0-1046-26Oracle Global Human Resources Cloud Implementation Professional","1D0-1046-26-D Oracle Global Human Resources Cloud  Implementation Professional",,,"Yes","10/13/2026","Single NF",,,,,,,,,,,,,,,,,,,,,,,,,,,,,,,,,,,,,,,,,,,,"What's New in Global Human Resources",,"Workforce Structures",,,,,,,,,,,"26DHCM0249"
"HCM","Human Resources","Global Human Resources","Translation for Actions, Action Reasons, and Assignment Statuses with Generative AI","ashita.mathur@oracle.com","11.13.26.10.0","New","Published","Ready to use, small scale",,,,"Medium","Anitha","Niki","Rohit","Organizational Design to Execution","Yes",,"No","No","1Z0-1046-26Oracle Global Human Resources Cloud Implementation Professional","1D0-1046-26-D Oracle Global Human Resources Cloud  Implementation Professional",,,"Yes","10/12/2026","Single NF",,,,,,,,,,,,,,,,,,,,,,,,,,,,,,,,,,,,,,,,,,,,"What's New in Global Human Resources",,"Document Records",,,,,,,,,,,"26DHCM0250"
"HCM","Recruiting","Recruiting","Turn Recruiting Questions into Hiring Decisions in Hiring Workspace for Store Manager","jessica.reilly@oracle.com","11.13.26.10.0","Ready","Published","Setup Required","Agentic app",,,,"Anitha","Niki","Sarah",,"No","This feature will update the Hiring Workspace for Store Managers course","Yes","No",,,"AI Agentic App: Hiring Workspace for Store Managers",,"Yes",,,,,,,,,,,,,,,,,,,,,,,,,,,,,,,,,,,,,,,,,,,,,,"What's New in Recruiting",,"Recruiting",,,,,,,,,,,"26DHCM0251"
"HCM","Human Resources","Global Human Resources","Upcoming Changes to Legacy Person Navigation in Update 27B","kathi.chenoweth@oracle.com","11.13.26.10.0","In Review","New","Ready to use, small scale",,,,,"Anitha","Niki","Rohit","Organizational Design to Execution","Yes",,"No","No","1Z0-1046-26Oracle Global Human Resources Cloud Implementation Professional","1D0-1046-26-D Oracle Global Human Resources Cloud  Implementation Professional",,,"Yes","10/12/2026","Single NF",,,,,,,,,,,,,,,,,,,,,,,,,,,,,,,,,,,,,,,,,,,,"What's New in Global Human Resources",,"Person",,,,,,,,,,,"26DHCM0252"
"HCM","Talent Management","Goal Management","Update Goal Weights in Goals Assistants AI Agents","nancy.lang@oracle.com","11.13.26.10.0","Ready","Ready","Setup Required","AI agent,Redwood Platform",,,"NA","Anitha","Niki","Nigel","Workforce Goals to Performance","Yes","N/A","No","No",,,"Oracle Fusion Cloud HCM: Configure  Goal and Performance Management",,"Yes","10/13/2026","Single NF","N/A",,,,,,,,,,,,,,,,,,,,,,,,,,,,,,,,,,,,,,,,,,,"What's New in Talent Management",,"Goal Management",,,,,,,,,,,"26DHCM0253"
"HCM","Talent Management","Succession Management","Updated Succession Planning Agent to Find Best Matching Candidates for Succession Plans","aashir.shroff@oracle.com","11.13.26.10.0","New","Ready","Setup Required","AI agent,Redwood Platform",,,"NA","Anitha","Niki","Nigel","Skills Insight to Workforce Agility","Yes","N/A","No","No",,,"Oracle Fusion Cloud HCM: Succession Management and Talent Reviews",,"Yes","10/13/2026","Single NF","N/A",,,,,,,,,,,,,,,,,,,,,,,,,,,,,,,,,,,,,,,,,,,"What's New in Talent Management",,"Succession Management",,,,,,,,,,,"26DHCM0254"
"HCM","Learning and Development","Learning Experience and Management","Upgraded My Learning Assistant","surreash.kcumar@oracle.com","11.13.26.10.0","Ready","Published","Ready to use, larger scale with prerequisite","AI agent",,,,"Anitha","Niki","TBD",,,,,,,,,,,,,,,,,,,,,,,,,,,,,,,,,,,,,,,,,,,,,,,,,,,,,,,,"What's New in Talent Management",,"Learning",,,,,,,,,,,"26DHCM0255"
"HCM","Talent Management","Check-Ins","Upload Media Files to Generate Conversation Summary","ramasubramanian.b.balasundara@oracle.com","11.13.26.10.0","Ready","Published","Setup Required","AI agent,Redwood Platform",,,"NA","Anitha","Niki","Nigel","Workforce Goals to Performance","Yes","N/A","Yes","Yes","1Z0-1052-26Oracle Talent Management Cloud Implementation Professional","1D0-1052-26-D Oracle Talent Management Cloud  Implementation Professional","Oracle Fusion Cloud HCM: Configure Goal and Performance Management","Become a certified Talent Management Implementer","Yes","10/14/2026","Single NF","N/A",,,,,,,,,,,,,,,,,,,,,,,,,,,,,,,,,,,,,,,,,,,"What's New in Talent Management",,"Check-Ins",,,,,,,,,,,"26DHCM0256"
"HCM","Recruiting","Recruiting","Use Candidate Sourcing Workspace to Create Candidate Pipelines Before a Requisition Opens","tami.taylor@oracle.com","11.13.26.10.0","Ready","Published","Setup Required","Agentic app,AI agent,Redwood Platform",,,"High","Anitha","Niki","Sarah",,"TBD","If enabled in demo environment","Yes","No",,,"Oracle Fusion Cloud HCM: Recruiting ",,"WIP",,,,,,,,,,,,,,,,,,,,,,,,,,,,,,,,,,,,,,,,,,,,,,"What's New in Recruiting",,"Recruiting",,,,,,,,,,,"26DHCM0257"
"HCM","Recruiting","Recruiting","Use Enhanced Candidate Search Filters","reinier.groen.in.t.woud@oracle.com","11.13.26.10.0","Ready","Published","Ready to use, small scale","Redwood Platform",,,,"Anitha","Niki","Sarah",,"No","End user feature, no setup","No","No",,,,,"Yes",,,,,,,,,,,,,,,,,,,,,,,,,,,,,,,,,,,,,,,,,,,,,,"What's New in Recruiting",,"Recruiting",,,,,,,,,,,"26DHCM0258"
"HCM","Oracle Me Employee Experience","Grow","Use Grow Coach Workspace and Ask Oracle in Grow to receive learning guidance","shailesh.dhawla@oracle.com","11.13.26.10.0","Ready","New","Setup Required","Agentic app,Redwood Platform",,,"NA","Anitha","Niki","Nigel","Skills Development to Career Growth","Yes","N/A","No","No",,,,,"Yes","10/14/2026","Single NF","N/A",,,,,,,"/teams/OUCloudAppsCurriculumProductManagementAutomation/Content%20Files/26D%20NF/HCM/Nigel/26DHCM0259-UseGrowCoachWorkspaceandAskOracleinGrowtoreceivelearningguidance.pptx?web=1&action=edit",,,,,,,,,,,,,,,,,,,,,,,,,,,,,,,,,,,,"What's New in Oracle ME Employee Experience",,"Grow",,,,,,,,,,,"26DHCM0259"
"HCM","Payroll","Payroll for the United Kingdom","Use Published Schedules to Determine UK Statutory Sick Pay Qualifying Days","mihaela.butnaru@oracle.com","11.13.26.10.0","Ready","Published","Ready to use, larger scale with prerequisite",,,,,"Anitha","Niki","Kurt",,"TBD","Not sure maintained in POD",,,,,,,,,,,,,,,,,,,,,,,,,,,,,,,,,,,,,,,,,,,,,,,,,,,,,"What's New in Payroll",,"Payroll for the United Kingdom",,,,,,,,,,,"26DHCM0260"
"HCM","Oracle Me Employee Experience","HCM Communicate","Use Questionnaires in Oracle Communicate Campaigns","lalatendu.patnaik@oracle.com","11.13.26.10.0","New","Published","Ready to use, small scale",,,,"NA","Anitha","Niki","Nigel","Workforce Goals to Performance","No","Does not fit scope","No","No",,,,,"Yes","10/12/2026","Single NF","N/A",,,,,,,,,,,,,,,,,,,,,,,,,,,,,,,,,,,,,,,,,,,"What's New in Time & Labor",,"HCM Communicate",,,,,,,,,,,"26DHCM0261"
"HCM","Recruiting","Recruiting","Use the Enhanced Candidate Outreach Experience","reinier.groen.in.t.woud@oracle.com","11.13.26.10.0","Ready","Published","Ready to use, small scale","AI agent,GenAI,Redwood Platform",,,,"Anitha","Niki","Sarah",,"Yes",,"Yes","Yes",,"1D0-1069-26-D Oracle Recruiting Cloud  Implementation Professional","Oracle Fusion Cloud HCM: Recruiting ",,"Yes",,,,,,,,,,,,,,,,,,,,,,,,,,,,,,,,,,,,,,,,,,,,,,"What's New in Recruiting",,"Recruiting",,,,,,,,,,,"26DHCM0262"
"HCM","Recruiting","Recruiting","Use the HTML Editor for Email Templates","reinier.groen.in.t.woud@oracle.com","11.13.26.10.0","Ready","Published","Setup Required","Redwood Platform",,,,"Anitha","Niki","Sarah",,"No","End user feature, no setup","No","No",,,,,"Yes",,,,,,,,,,,,,,,,,,,,,,,,,,,,,,,,,,,,,,,,,,,,,,"What's New in Recruiting",,"Recruiting",,,,,,,,,,,"26DHCM0263"
"HCM","Recruiting","Recruiting","Use the New Fields Available for Grid Views on Candidate Lists","reinier.groen.in.t.woud@oracle.com","11.13.26.10.0","Ready","Published","Ready to use, small scale","Redwood Platform",,,,"Anitha","Niki","Sarah",,"No","Too small","No","No",,,,,"Yes",,,,,,,,,,,,,,,,,,,,,,,,,,,,,,,,,,,,,,,,,,,,,,"What's New in Recruiting",,"Recruiting",,,,,,,,,,,"26DHCM0264"
"HCM","Recruiting","Recruiting","Use the Page Property Editor in Visual Builder Studio","jessica.reilly@oracle.com","11.13.26.10.0","Ready","Published","Ready to use, small scale","Redwood Platform",,,,"Anitha","Niki","Sarah",,"No","Not new functionality","No","No",,,,,"Yes",,,,,,,,,,,,,,,,,,,,,,,,,,,,,,,,,,,,,,,,,,,,,,"What's New in Recruiting",,"Recruiting",,,,,,,,,,,"26DHCM0265"
"HCM","Payroll","Payroll for the United States","USOPTE Statutory Tax Rules Enhancement","joe.nalluri@oracle.com","11.13.26.10.0","Reviewed","Published","Ready to use, small scale with prerequisite",,,,,"Anitha","Niki","Kurt",,"TBD","Not sure maintained in POD","No","No",,,,,,"10/23/2026",,,,,,,,,,,,,,,,,,,,,,,,,,,,,,,,,,,,,,,,,,,,,"Become a Certified Payroll Implementer (US)",,"What's New in Payroll",,,,,,,,,,,"26DHCM0266"
"HCM","Compensation","Compensation","Validate and Calculate on Save for Edited Redwood Individual Compensation Proposals","rajesh.jupudi@oracle.com","11.13.26.10.0","Ready","Published","Ready to use, small scale with prerequisite","Redwood Platform",,,,"Anitha","Niki","Kurt",,"No","Simple",,,,,,,,,,,,,,,,,,,,,,,,,,,,,,,,,,,,,,,,,,,,,,,,,,,,,"Become a Certified Compensation Implementer",,"What's New in Compensation",,,,,,,,,,,"26DHCM0267"
"HCM","Recruiting","Recruiting","Validate Position Headcount on Position-Based Requisitions","nicolas.pelletier@oracle.com","11.13.26.10.0","Ready","Published","Setup Required","Redwood Platform",,,,"Anitha","Niki","Sarah",,"TBD","Depends on demo env setup","Yes","No",,,"Oracle Fusion Cloud HCM: Recruiting ",,"WIP",,,,,,,,,,,,,,,,,,,,,,,,,,,,,,,,,,,,,,,,,,,,,,"What's New in Recruiting",,"Recruiting",,,,,,,,,,,"26DHCM0268"
"HCM","Learning and Development","Learning Experience and Management","Video Closed Captions Support","surreash.kcumar@oracle.com","11.13.26.10.0","Ready","Published","Ready to use, small scale with prerequisite","Redwood Platform",,,,"Anitha","Niki","TBD",,,,,,,,,,,,,,,,,,,,,,,,,,,,,,,,,,,,,,,,,,,,,,,,,,,,,,,,"What's New in Talent Management",,"Learning",,,,,,,,,,,"26DHCM0269"
"HCM","Human Resources","Workforce Directory Management","HCM Professional Concierge Workflow Agent","anuradha.subramanian@oracle.com","11.13.26.10.0","Ready","Published","Setup Required","AI",,,"High","Anitha","Niki","Rohit","Organizational Design to Execution","Yes",,"No","No","1Z0-1046-26Oracle Global Human Resources Cloud Implementation Professional","1D0-1046-26-D Oracle Global Human Resources Cloud  Implementation Professional",,,"Yes","10/12/2026","Single NF",,,,,,,,,,,,,,,,,,,,,,,,,,,,,,,,,,,,,,,,,,,,"What's New in Global Human Resources",,"Workforce Directory Management",,,,,,,,,,,"26DHCM0270"
"HCM","Human Resources","Workforce Directory Management","View consolidated actions and page properties in My Activity Center
","anuradha.subramanian@oracle.com","11.13.26.10.0","Ready","Published","Setup Required",,,,,"Anitha","Niki","Rohit",,"No","Small Scale",,,,,,,,,,,,,,,,,,,,,,,,,,,,,,,,,,,,,,,,,,,,,,,,,,,,,"What's New in Global Human Resources",,"Workforce Directory Management",,,,,,,,,,,"26DHCM0271"
"HCM","Time and Labor","Time and Labor","View Locked Time Cards in Time Activity Center","sreekanth.g.gannavarapu@oracle.com","11.13.26.10.0","Ready","Published","Ready to use, small scale with prerequisite",,,,,"Anitha","Niki","Susan",,,,,,,,,,,,,,,,,,,,,,,,,,,,,,,,,,,,,,,,,,,,,,,,,,,,,,,,"What's New in Time & Labor",,"Time & Labor",,,,,,,,,,,"26DHCM0272"
"HCM","Recruiting","Recruiting","View Major Name in Job Application List Filter","jessica.reilly@oracle.com","11.13.26.10.0","Ready","Ready","Ready to use, small scale","Redwood Platform",,,,"Anitha","Niki","Sarah",,"No","End user feature, no setup","No","No",,,,,"Yes",,,,,,,,,,,,,,,,,,,,,,,,,,,,,,,,,,,,,,,,,,,,,,"What's New in Recruiting",,"Recruiting",,,,,,,,,,,"26DHCM0273"
"HCM","Human Resources","Global Human Resources","View Multi-Select Receivable Materials Field Values in Summary of Changes for Redwood Locations","ipsita.ghosh@oracle.com","11.13.26.10.0","New","Published","Ready to use, small scale","Redwood Platform",,,,"Anitha","Niki","Rohit",,"No","No demo value -It only shows all selected Receivable Materials values in the location change summary—a small display enhancement with no new functionality",,,,,,,,,,,,,,,,,,,,,,,,,,,,,,,,,,,,,,,,,,,,,,,,,,,,,"What's New in Global Human Resources",,"Workforce Structures",,,,,,,,,,,"26DHCM0274"
"HCM","Recruiting","Recruiting","View Person Number and Context Link in Side Card","jessica.reilly@oracle.com","11.13.26.10.0","Ready","Published","Setup Required","Redwood Platform",,,,"Anitha","Niki","Sarah",,"No","End user feature, no setup","No","No",,,,,"Yes",,,,,,,,,,,,,,,,,,,,,,,,,,,,,,,,,,,,,,,,,,,,,,"What's New in Recruiting",,"Recruiting",,,,,,,,,,,"26DHCM0275"
"HCM","Talent Management","Talent Review","View Talent Profile and Talent Ratings During Talent Review","aashir.shroff@oracle.com","11.13.26.10.0","New","Published","Setup Required","Redwood Platform",,,"NA","Anitha","Niki","Nigel","Workforce Goals to Performance ","No","Does not fit scope","Yes","Yes","1Z0-1052-26Oracle Talent Management Cloud Implementation Professional","1D0-1052-26-D Oracle Talent Management Cloud  Implementation Professional","Oracle Fusion Cloud HCM: Succession Planning and Talent Reviews","Become a Certified Talent Management Implementer","Yes","10/23/2026","Single NF","N/A",,,,,,,,,,,,,,,,,,,,,,,,,,,,,,,,,,,,,,,,,,,"What's New in Talent Management",,"Talent Review",,,,,,,,,,,"26DHCM0276"
"HCM","Workforce Scheduling","Workforce Scheduling","Work Pattern Template Assignment Assistant","brent.hansen@oracle.com","11.13.26.10.0","New","Published","Ready to use, small scale with prerequisite","AI agent",,,"High","Anitha","Niki","Jess","Workforce Schedule to Payment","Yes","NA","No","No","N/A","N/A","Workforce Scheduling",,"Yes","10/19/2026","Single NF",,,,,,,,,,,,,,,,,,,,,,,,,,,,,,,,,,,,,,,,,,,,"What's New in Reporting",,"Workforce Scheduling",,,,,,,,,,,"26DHCM0277"
"HCM","Workforce Scheduling","Workforce Scheduling","Workforce Schedule Enhancements for Schedulers","suzana.radovic@oracle.com","11.13.26.10.0","Ready","Published","Setup Required",,,,"NA","Anitha","Niki","Jess","Workforce Schedule to Payment","Yes","NA","No","No","N/A","N/A","Workforce Scheduling",,"Yes","10/20/2026","Single NF",,,,,,,,,,,,,,,,,,,,,,,,,,,,,,,,,,,,,,,,,,,,"What's New in Reporting",,"Workforce Scheduling",,,,,,,,,,,"26DHCM0278"
"HCM","Human Resources","Human Resources","Human Resources",,,,,"Unboxing",,,,,"Anitha","Niki","Rohit","Organizational Design to Execution","Yes",,"No","No",,,,,"Yes","10/15/2026","Single NF",,,,,,,,,,,,,,,,,,,,,,,,,,,,,,,,,,,,,,,,,,,,,,,,,,,,,,,,,"26DHCM0279"
"HCM","Recruiting","Recruiting","Recruiting",,,,,"Unboxing",,,,,"Anitha","Niki","Sarah",,,,,,,,,,,,,,,,,,,,,,,,,,,,,,,,,,,,,,,,,,,,,,,,,,,,,,,,,,,,,,,,,,,,,"26DHCM0280"
"HCM","Oracle Me Employee Experience","Oracle Me Employee Experience","Oracle Me Employee Experience",,,,,"Unboxing",,,,"NA","Anitha","Niki","Nigel","Workforce Goals to Performance","Yes","N/A",,,,,,,"Yes","10/6/2026",,,,,,,,,"/teams/OUCloudAppsCurriculumProductManagementAutomation/Content%20Files/26D%20NF/HCM/Nigel/26DHCM0281-OracleMeEmployeeExperience.pptx?web=1&action=edit",,,"10/6/2026 5:29 AM",,,,,,,,,,,,,,,,,,,,,,,,,,,,,,,,,,,,,,,,,"In Review (A)",,,,,"26DHCM0281"
"HCM","Talent Management","Talent Management","Talent Management",,,,,"Unboxing",,,,"NA","Anitha","Niki","Nigel",,"Yes","N/A",,,,,,,"Yes","10/6/2026",,,,,,,,,"/teams/OUCloudAppsCurriculumProductManagementAutomation/Content%20Files/26D%20NF/HCM/Nigel/26DHCM0282-TalentManagement.pptx?web=1&action=edit",,,"10/6/2026 5:30 AM",,,,,,,,,,,,,,,,,,,,,,,,,,,,,,,,,,,,,,,,,"In Review (A)",,,,,"26DHCM0282"
"HCM","Compensation","Compensation","Compensation",,,,,"Unboxing",,,,,"Anitha","Niki","Kurt",,,,,,,,,,,,,,,,,,,,,,,,,,,,,,,,,,,,,,,,,,,,,,,,,,,,,,,,,,,,,,,,,,,,,"26DHCM0283"
"HCM","Payroll","Payroll","Payroll",,,,,"Unboxing",,,,,"Anitha","Niki","Kurt",,,,,,,,,,,,,,,,,,,,,,,,,,,,,,,,,,,,,,,,,,,,,,,,,,,,,,,,,,,,,,,,,,,,,"26DHCM0284"
"HCM","HCM Common","HCM Common","HCM Common",,,,,"Unboxing",,,,"NA","Anitha","Niki","Jess","NA","Yes","NA","No","No","N/A","N/A","N/A",,"Yes","10/6/2026","Single NF",,"Recorded & Uploaded For Review",,,,,,"/teams/OUCloudAppsCurriculumProductManagementAutomation/Content%20Files/26D%20NF/HCM/Jess/26DHCM0285-HCMCommon.pptx?web=1&action=edit",,,"10/5/2026 3:16 PM",,,,,,,,,,,,,,,,,,,,,,,,,,,,,,,,,,,,,,,,,"In Review (A)",,,,,"26DHCM0285"
"HCM","Learning and Development","Learning and Development","Learning and Development",,,,,"Unboxing",,,,,"Anitha","Niki","TBD",,,,,,,,,,,,,,,,,,,,,,,,,,,,,,,,,,,,,,,,,,,,,,,,,,,,,,,,,,,,,,,,,,,,,"26DHCM0286"
"HCM","Opportunity Marketplace","Opportunity Marketplace","Opportunity Marketplace",,,,,"Unboxing",,,,,"Anitha","Niki","Sarah",,,,,,,,,,,,,,,,,,,,,,,,,,,,,,,,,,,,,,,,,,,,,,,,,,,,,,,,,,,,,,,,,,,,,"26DHCM0287"
"HCM","Benefits","Benefits","Benefits",,,,,"Unboxing",,,,"NA","Anitha","Niki","Deb","Benefits Enrollment To Coverage","Yes",,"No","No",,,,,,"10/23/2026","Single NF",,,,,,,,"/teams/OUCloudAppsCurriculumProductManagementAutomation/Content%20Files/26D%20NF/HCM/Deb/26DHCM0288-Benefits.pptx?web=1&action=edit",,,,,,,,,,,,,,,,,,,,,,,,,,,,,,,,,,,,,,,,,,,,,,,,,"26DHCM0288"
"HCM","Workforce Scheduling","Workforce Scheduling","Workforce Scheduling",,,,,"Unboxing",,,,"NA","Anitha","Niki","Jess","Workforce Schedule to Payment","Yes","NA","No","No","N/A","N/A","N/A",,"Yes","10/6/2026","Single NF",,"Recorded & Uploaded For Review",,,,,,"/teams/OUCloudAppsCurriculumProductManagementAutomation/Content%20Files/26D%20NF/HCM/Jess/26DHCM0289-WorkforceScheduling.pptx?web=1&action=edit",,,"10/5/2026 3:17 PM",,,,,,,,,,,,,,,,,,,,,,,,,,,,,,,,,,,,,,,,,"In Review (A)",,,,,"26DHCM0289"
"HCM","Absence Management","Absence Management","Absence Management",,,,,"Unboxing",,,,"NA","Anitha","Niki","Nigel","Absence Policy to Compliance","Yes","N/A",,,,,,"Become a certified absence management implementer","Yes","10/6/2026",,,,,,,,,"/teams/OUCloudAppsCurriculumProductManagementAutomation/Content%20Files/26D%20NF/HCM/Nigel/26DHCM0290-AbsenceManagement.pptx?web=1&action=edit",,,"10/6/2026 5:30 AM",,,,,,,,,,,,,,,,,,,,,,,,,,,,,,,,,,,,,,,,,"In Review (A)",,,,,"26DHCM0290"
"HCM","Dynamic Skills","Dynamic Skills","Dynamic Skills",,,,,"Unboxing",,,,,"Anitha","Niki","Sarah",,,,,,,,,,,,,,,,,,,,,,,,,,,,,,,,,,,,,,,,,,,,,,,,,,,,,,,,,,,,,,,,,,,,,"26DHCM0291"
"HCM","Time and Labor","Time and Labor","Time and Labor",,,,,"Unboxing",,,,,"Anitha","Niki","Susan",,,,,,,,,,,,,,,,,,,,,,,,,,,,,,,,,,,,,,,,,,,,,,,,,,,,,,,,,,,,,,,,,,,,,"26DHCM0292"
"HCMTest","Time and Labor","Time and Labor","Time and Labor",,,,,"Unboxing",,,,,"Anitha","Niki","Susan",,"Yes",,,,,,,,,,"Single NF",,,,,,,,"/teams/OUCloudAppsCurriculumProductManagementAutomation/Content%20Files/26D%20NF/HCMTest/Susan/26DHCMTest0297-TimeandLabor.pptx?web=1&action=edit",,,"10/1/2026 1:18 AM","Approved",,,"Only Video ID Required","No",,"yes","10/1/2026 1:21 AM","Basavaraj","10/1/2026 12:00 AM","6398153059110",,"10/01/2026 08:24:05",,"Joseph","10/1/2026 12:00 AM",,,,,"Pass",,"10/1/2026 1:24 AM",,,,"https://mylearn.oracle.com/ou/course/journeys/150545/275874","150545","275874",,,"Complete",,,,,,,,,"Released (A)",,,"10/1/2026 1:28 AM",,"26DHCMTest0297"
