"Pillar","Product","Module","Feature","Feature Owner","Release","Status NFS","Status WN","Feature Category","Tags ( AI / Redwood/AI Agent)","FDR Id","FDR Url","DCFR Ranking","OUPM Name","Prod Mngr Name","CDL Name","OMBP Mapping","Training Required? ","Reason why NF content cannot be built?","Implementation Feature? [Y/N] ","Qualifies for Certification question","Maps to Base Exam ( Provide base exam name)","Map to Delta Exam ( Provide Delta exam name)","List the Courses Impacted","Implementation Learning Path","CDL Assessment Complete?","Recording Date","Feature Classification","Combined Feature Video Name","CDL Daily Status Update","Type of Issue","Details of the Issue faced ","Response Received","Issue Resolution Outcome","Generate PPT (Exit From Grid View)","PPT Link","Recording","Video Ready for Pick-up","Video Ready Date","Review Status","Send Fixes Email To CDL","Video Review Fixes","PP Required?","QA Required?","PP Notes","Ready for PP","PP Dispatch Date","Post Production Resource","Post Production Start Date","Video ID","PP Complete","Post Production End Date","QA Dispatch Date","QA Resource","QA Date","QA Observations","QA Fixes Notification","QA Fixes?","QA Fixes Complete","QA Result ( Pass/ Fixes)","QA Complete","Setup Dispatch Date","Existing Setup Data","Setup Date","Awaiting Setup Data","MyLearn Link to Video","Container ID","Component ID","Transcript ID","Setup Status","OUPM Final Sign-off","LP Name","LP Description","Course Name","Course Description","Course Benefits","Course Keywords","Course Filters To Be Associated","Module Name","Final Overall Status","Target Release Date","Target Release Tier","Actual Release Date","Actual Release Tier","Feature GCC"
"SCM","Order Management","Order Management","Return and copy support for classic configured model sales orders.","pankaj.nayyar@oracle.com","11.13.26.10.0","Ready","New",,"Redwood Platform","1J6MC7L","https://apex.oraclecorp.com/pls/apex/f?p=22472:3:114174595139017:::3:P3_FEATURE_ID:1J6MC7L",,"Aruna Chidambaram","Adrita","Farrell",,,,,,,,,,,,,,,,,,,,,,,,,,,,,,,,,,,,,,,,,,,,,,,,,,,,,,,,,,,,,,,,,,,,,"26DSCM0702"
"SCM","Supply Planning","Supply Planning","Access the exceptions and notes agent from other plan types","srinivas.bulusu@oracle.com","11.13.26.10.0","Ready","Published","Setup Required","AI agent","10M8BVV","https://apex.oraclecorp.com/pls/apex/f?p=22472:3:114174595139017:::3:P3_FEATURE_ID:10M8BVV","High","Aruna Chidambaram","Adrita","Nick","Plan to Produce","Yes",,,,,,,,,,,,,,,,,,,,,,,,,,,,,,,,,,,,,,,,,,,,,,,,,,,,,,,,,,,,,,,,,,,"26DSCM0703"
"SCM","Demand Management","Replenishment Planning","Access the exceptions and notes agent from other plan types","srinivas.bulusu@oracle.com","11.13.26.10.0","Ready","Published","Setup Required","AI agent",,,"High","Aruna Chidambaram","Adrita","Nick","Plan to Produce","Yes",,,,,,,,,,,,,,,,,,,,,,,,,,,,,,,,,,,,,,,,,,,,,,,,,,,,,,,,,,,,,,,,,,,"26DSCM0704"
"SCM","Maintenance","Maintenance","Add parts from asset parts list to work orders in Maintenance Supervision","devina.r.raithatha@oracle.com","11.13.26.10.0","New","Published","Ready to use, small scale","Redwood Platform","1KC9I7Z","https://apex.oraclecorp.com/pls/apex/f?p=22472:3:114174595139017:::3:P3_FEATURE_ID:1KC9I7Z",,"Aruna Chidambaram","Adrita","Omkar","Acquire to Retire","Yes",,"Yes","No",,,,,"Yes","10/9/2026","Combined Primary NF","26D Maintenance Features",,,,,,,"https://oracle.sharepoint.com/teams/OUCloudAppsCurriculumProductManagementAutomation/Content%20Files/26D%20NF/SCM/Omkar/26DSCM0705-AddpartsfromassetpartslisttoworkordersinMaintenanceSupervision.pptx?web=1&action=edit",,,,,,,,,,,,,,,,,,,,,,,,,,,,,,,,,,,,,,,,,,,,,,,,,"26DSCM0705"
"SCM","Order Management","Channel Revenue Management","Adjust rates for active customer rebate programs","shankar.bharadwaj@oracle.com","11.13.26.10.0","Ready","Published","Opt In plus Setup",,"1F2UDNB","https://apex.oraclecorp.com/pls/apex/f?p=22472:3:114174595139017:::3:P3_FEATURE_ID:1F2UDNB",,"Aruna Chidambaram","Adrita","Farrell",,,,,,,,,,,,,,,,,,,,,,,,,,,,,,,,,,,,,,,,,,,,,,,,,,,,,,,,,,,,,,,,,,,,,"26DSCM0706"
"SCM","Order Management","Order Management","AI Agent Activity Audit for Sales Orders","shrikant.nene@oracle.com","11.13.26.10.0","Ready","New",,"Redwood Platform","11SCODX","https://apex.oraclecorp.com/pls/apex/f?p=22472:3:114174595139017:::3:P3_FEATURE_ID:11SCODX","High","Aruna Chidambaram","Adrita","Farrell",,,,,,,,,,,,,,,,,,,,,,,,,,,,,,,,,,,,,,,,,,,,,,,,,,,,,,,,,,,,,,,,,,,,,"26DSCM0707"
"SCM","Inventory Management","Product Recall Management","AI-assisted recall notice creation from email attachments","manighandan.venkatraman@oracle.com","11.13.26.10.0","Ready","Published","Setup Required","AI agent","192T525","https://apex.oraclecorp.com/pls/apex/f?p=22472:3:114174595139017:::3:P3_FEATURE_ID:192T525",,"Aruna Chidambaram","Adrita","Kirthika",,"No","Not covered in implemenation course",,,,,,,"Yes",,,,,,,,,,,,,,,,,,,,,,,,,,,,,,,,,,,,,,,,,,,,,,,,,,,,,,,,,,,"26DSCM0708"
"SCM","Product Lifecycle Management","Product Management","Allow substitutes that meet lifecycle requirements through same change order promotion","kathy.antoun@oracle.com","11.13.26.10.0","Ready","Published","Opt In plus Setup","Redwood Platform","18ZFAV6","https://apex.oraclecorp.com/pls/apex/f?p=22472:3:114174595139017:::3:P3_FEATURE_ID:18ZFAV6",,"Aruna Chidambaram","Adrita","Kirthika","Idea to Commercialization","Yes",,"Yes","Yes","1Z0-1078-26: Oracle Product Lifecycle Management 2026 Implementation Professional","Oracle Product Lifecycle Management 2026 Implementation Professional (1D0-1078-26-D)","Oracle SCM Cloud: Product Management Implementation","Become a Certified Product Lifecycle Management Implementer","Yes","10/8/2026","Combined Bundled NF","Item Structure Enhancements in 26D",,,,,,,,,,,,,,,,,,,,,,,,,,,,,,,,,,,,,,,,,,,,,,,,,,,,,,,,"26DSCM0709"
"SCM","Supply Planning","Supply Planning","Analyze planning results using a Supply Chain Network visualization","srinivas.bulusu@oracle.com","11.13.26.10.0","Ready","Published","Ready to use, small scale with prerequisite","Redwood Platform","126U1U5","https://apex.oraclecorp.com/pls/apex/f?p=22472:3:114174595139017:::3:P3_FEATURE_ID:126U1U5","Medium","Aruna Chidambaram","Adrita","Nick",,"No","CDL Bandwidth",,,,,,,,,,,,,,,,,,,,,,,,,,,,,,,,,,,,,,,,,,,,,,,,,,,,,,,,,,,,,,,,,,"26DSCM0710"
"SCM","Manufacturing","Process Manufacturing","Approve dispense areas using Electronic Records and Electronic Signatures","elaine.wan@oracle.com","11.13.26.10.0","Ready","Published","Setup Required","Redwood Platform","1BSSYXD","https://apex.oraclecorp.com/pls/apex/f?p=22472:3:114174595139017:::3:P3_FEATURE_ID:1BSSYXD",,"Aruna Chidambaram","Adrita","David Nelson",,,,,,,,,,,,,,,,,,,,,,,,,,,,,,,,,,,,,,,,,,,,,,,,,,,,,,,,,,,,,,,,,,,,,"26DSCM0711"
"SCM","Manufacturing","Process Manufacturing","Approve dispense rules using Electronic Records and Electronic Signatures","elaine.wan@oracle.com","11.13.26.10.0","Ready","Published","Setup Required","Redwood Platform","185NSSB","https://apex.oraclecorp.com/pls/apex/f?p=22472:3:114174595139017:::3:P3_FEATURE_ID:185NSSB",,"Aruna Chidambaram","Adrita","David Nelson",,,,,,,,,,,,,,,,,,,,,,,,,,,,,,,,,,,,,,,,,,,,,,,,,,,,,,,,,,,,,,,,,,,,,"26DSCM0712"
"SCM","Manufacturing","Process Manufacturing","Approve dispense transactions using Electronic Records and Electronic Signatures","elaine.wan@oracle.com","11.13.26.10.0","Ready","Published","Setup Required","Redwood Platform","1K00VCM","https://apex.oraclecorp.com/pls/apex/f?p=22472:3:114174595139017:::3:P3_FEATURE_ID:1K00VCM",,"Aruna Chidambaram","Adrita","David Nelson",,,,,,,,,,,,,,,,,,,,,,,,,,,,,,,,,,,,,,,,,,,,,,,,,,,,,,,,,,,,,,,,,,,,,"26DSCM0713"
"SCM","Inventory Management","Inventory Management","Approve physical inventory counts using a spreadsheet","jared.lang@oracle.com","11.13.26.10.0","Ready","Published","Visual Builder",,"1R65D5E","https://apex.oraclecorp.com/pls/apex/f?p=22472:3:114174595139017:::3:P3_FEATURE_ID:1R65D5E",,"Aruna Chidambaram","Adrita","Kirthika",,"Yes",,"No","No",,,,,"Yes","10/27/2026","Combined Bundled NF","Inventory Accuracy Enhancements in 26D",,,,,,,,,,,,,,,,,,,,,,,,,,,,,,,,,,,,,,,,,,,,,,,,,,,,,,,,"26DSCM0714"
"SCM","Order Management","Order Management","Asset Based Ordering","amit.s.ambekar@oracle.com","11.13.26.10.0","Ready","New",,"Redwood Platform","1EAM7CR","https://apex.oraclecorp.com/pls/apex/f?p=22472:3:114174595139017:::3:P3_FEATURE_ID:1EAM7CR","High","Aruna Chidambaram","Adrita","Farrell",,,,,,,,,,,,,,,,,,,,,,,,,,,,,,,,,,,,,,,,,,,,,,,,,,,,,,,,,,,,,,,,,,,,,"26DSCM0715"
"SCM","Inventory Management","Inventory Management","Assign travel order by subinventory and locator for sorting pick lines","jared.lang@oracle.com","11.13.26.10.0","Ready","Published","Visual Builder",,"1GTWO72","https://apex.oraclecorp.com/pls/apex/f?p=22472:3:114174595139017:::3:P3_FEATURE_ID:1GTWO72","Medium","Aruna Chidambaram","Adrita","Kirthika","Logistics Operations to Optimization","Yes",,"Yes","Yes","1Z0-1073-26: Oracle Inventory Cloud 2026 Implementation Professional","Oracle Inventory Cloud 2026 Implementation Professional (1D0-1073-26-D)","Oracle Fusion Cloud SCM: Supply Chain Management Foundation","Become a Certified Inventory Implementer","Yes","10/16/2026","Single NF",,,,,,,,,,,,,,,,,,,,,,,,,,,,,,,,,,,,,,,,,,,,,,,,,,,,,,,,,"26DSCM0716"
"SCM","Maintenance","Maintenance","Associate a technician to multiple labor resources","devina.r.raithatha@oracle.com","11.13.26.10.0","Ready","Published","Ready to use, larger scale","Redwood Platform","1F9FA2H","https://apex.oraclecorp.com/pls/apex/f?p=22472:3:114174595139017:::3:P3_FEATURE_ID:1F9FA2H","High","Aruna Chidambaram","Adrita","Omkar","Acquire to Retire","Yes",,"Yes","No",,,,,,"10/9/2026","Combined Bundled NF","26D Maintenance Features",,,,,,,,,,,,,,,,,,,,,,,,,,,,,,,,,,,,,,,,,,,,,,,,,,,,,,,,"26DSCM0717"
"SCM","Manufacturing","Flow Manufacturing","Associate delivery schedules with Kanban pull sequences","elaine.wan@oracle.com","11.13.26.10.0","Ready","Published","Opt In plus Setup","Redwood Platform","1X0B1GB","https://apex.oraclecorp.com/pls/apex/f?p=22472:3:114174595139017:::3:P3_FEATURE_ID:1X0B1GB","High","Aruna Chidambaram","Adrita","David Nelson",,,,,,,,,,,,,,,,,,,,,,,,,,,,,,,,,,,,,,,,,,,,,,,,,,,,,,,,,,,,,,,,,,,,,"26DSCM0718"
"SCM","Order Management","Pricing","Author and negotiate rate plan with entitlements","vivian.y.lee@oracle.com","11.13.26.10.0","Ready","Published","Setup Required","Redwood Platform","1F4059Q","https://apex.oraclecorp.com/pls/apex/f?p=22472:3:114174595139017:::3:P3_FEATURE_ID:1F4059Q","High","Aruna Chidambaram","Adrita","Farrell",,,,,,,,,,,,,,,,,,,,,,,,,,,,,,,,,,,,,,,,,,,,,,,,,,,,,,,,,,,,,,,,,,,,,"26DSCM0719"
"SCM","Demand Management","Demand Management","Business Growth Planning Workspace","srinivas.bulusu@oracle.com","11.13.26.10.0","Ready","Published","Setup Required","Agentic app","1P8CLZO","https://apex.oraclecorp.com/pls/apex/f?p=22472:3:114174595139017:::3:P3_FEATURE_ID:1P8CLZO","High","Aruna Chidambaram","Adrita","Nick","Plan to Produce","Yes",,,,,,,,,,,,,,,,,,,,,,,,,,,,,,,,,,,,,,,,,,,,,,,,,,,,,,,,,,,,,,,,,,,"26DSCM0720"
"SCM","Inventory Management","Supply Chain Financial Orchestration","Capture and interface waybill numbers for drop shipments with Receivables","pramod.deshmane@oracle.com","11.13.26.10.0","Ready","Published","Ready to use, small scale",,"1SXMWER","https://apex.oraclecorp.com/pls/apex/f?p=22472:3:114174595139017:::3:P3_FEATURE_ID:1SXMWER",,"Aruna Chidambaram","Adrita","Omkar",,"Yes",,"Yes","No",,,,,,"10/9/2026",,,,,,,,,,,,,,,,,,,,,,,,,,,,,,,,,,,,,,,,,,,,,,,,,,,,,,,,,,"26DSCM0721"
"SCM","Inventory Management","Fiscal Document Capture","Capture and process service fiscal documents","pramod.deshmane@oracle.com","11.13.26.10.0","Ready","Published","Setup Required",,"1JFAHBT","https://apex.oraclecorp.com/pls/apex/f?p=22472:3:114174595139017:::3:P3_FEATURE_ID:1JFAHBT","Medium","Aruna Chidambaram","Adrita","Kirthika",,"No","Not covered in implemenation course",,,,,,,"Yes",,,,,,,,,,,,,,,,,,,,,,,,,,,,,,,,,,,,,,,,,,,,,,,,,,,,,,,,,,,"26DSCM0722"
"SCM","Product Lifecycle Management","Product Management","Capture effective date ranges on deviation change requests","kathy.antoun@oracle.com","11.13.26.10.0","Ready","Published","Ready to use, small scale","Redwood Platform","1O7QU2C","https://apex.oraclecorp.com/pls/apex/f?p=22472:3:114174595139017:::3:P3_FEATURE_ID:1O7QU2C",,"Aruna Chidambaram","Adrita","Kirthika","Idea to Commercialization","Yes",,"Yes","Yes","1Z0-1078-26: Oracle Product Lifecycle Management 2026 Implementation Professional","Oracle Product Lifecycle Management 2026 Implementation Professional (1D0-1078-26-D)","Oracle SCM Cloud: Product Management Implementation","Become a Certified Product Lifecycle Management Implementer","Yes","10/12/2026","Single NF",,,,,,,,,,,,,,,,,,,,,,,,,,,,,,,,,,,,,,,,,,,,,,,,,,,,,,,,,"26DSCM0723"
"SCM","Manufacturing","Process Manufacturing","Capture parent lot and lot information for production transactions","elaine.wan@oracle.com","11.13.26.10.0","Ready","Published","Setup Required","Redwood Platform","1CPKKLR","https://apex.oraclecorp.com/pls/apex/f?p=22472:3:114174595139017:::3:P3_FEATURE_ID:1CPKKLR",,"Aruna Chidambaram","Adrita","David Nelson",,,,,,,,,,,,,,,,,,,,,,,,,,,,,,,,,,,,,,,,,,,,,,,,,,,,,,,,,,,,,,,,,,,,,"26DSCM0724"
"SCM","Manufacturing","Discrete Manufacturing","Capture parent lot and lot information for production transactions","elaine.wan@oracle.com","11.13.26.10.0","New","Published","Setup Required","Redwood Platform",,,,"Aruna Chidambaram","Adrita","David Nelson",,,,,,,,,,,,,,,,,,,,,,,,,,,,,,,,,,,,,,,,,,,,,,,,,,,,,,,,,,,,,,,,,,,,,"26DSCM0725"
"SCM","Maintenance","Service Logistics","Capture quality events for returns and field service debrief","ann.scullion@oracle.com","11.13.26.10.0","Ready","Published","Ready to use, larger scale with prerequisite","Redwood Platform","1LIXN1D","https://apex.oraclecorp.com/pls/apex/f?p=22472:3:114174595139017:::3:P3_FEATURE_ID:1LIXN1D","Medium","Aruna Chidambaram","Adrita","Omkar",,"Yes",,"Yes","No",,,,,,"10/9/2026",,,,,,,,,,,,,,,,,,,,,,,,,,,,,,,,,,,,,,,,,,,,,,,,,,,,,,,,,,"26DSCM0726"
"SCM","Inventory Management","Landed Cost Management","Capture the charge reference attributes from Payables uploads","pramod.deshmane@oracle.com","11.13.26.10.0","Ready","Published","Setup Required",,"14VU6CK","https://apex.oraclecorp.com/pls/apex/f?p=22472:3:114174595139017:::3:P3_FEATURE_ID:14VU6CK",,"Aruna Chidambaram","Adrita","Omkar",,"Yes",,"Yes","Yes","1074-25: Oracle Cost Management Cloud 2025 Implementation Professional","1074-25: Oracle Cost Management Cloud 2025 Implementation Professional",,,,"10/9/2026",,,,,,,,,,,,,,,,,,,,,,,,,,,,,,,,,,,,,,,,,,,,,,,,,,,,,,,,,,"26DSCM0727"
"SCM","Demand Management","Demand Management","Collect demand history in the targeted mode by organization groups from the Oracle Fusion Cloud Applications Suite","srinivas.bulusu@oracle.com","11.13.26.10.0","Ready","Published","Ready to use, small scale","Redwood Platform","11VK2XR","https://apex.oraclecorp.com/pls/apex/f?p=22472:3:114174595139017:::3:P3_FEATURE_ID:11VK2XR",,"Aruna Chidambaram","Adrita","Nick",,"No","CDL Bandwidth",,,,,,,,,,,,,,,,,,,,,,,,,,,,,,,,,,,,,,,,,,,,,,,,,,,,,,,,,,,,,,,,,,"26DSCM0728"
"SCM","Demand Management","Replenishment Planning","Collect demand history in the targeted mode by organization groups from the Oracle Fusion Cloud Applications Suite","srinivas.bulusu@oracle.com","11.13.26.10.0","Ready","Published","Opt In","Redwood Platform",,,,"Aruna Chidambaram","Adrita","Nick",,"No","CDL Bandwidth",,,,,,,,,,,,,,,,,,,,,,,,,,,,,,,,,,,,,,,,,,,,,,,,,,,,,,,,,,,,,,,,,,"26DSCM0729"
"SCM","Inventory Management","Receiving","Communicate additional purchase order changes to a WMS or 3PL using generate changed receipt advice","jared.lang@oracle.com","11.13.26.10.0","Ready","Published","Ready to use, small scale with prerequisite",,"1U6EZ90","https://apex.oraclecorp.com/pls/apex/f?p=22472:3:114174595139017:::3:P3_FEATURE_ID:1U6EZ90",,"Aruna Chidambaram","Adrita","Kirthika",,"No","Integration based",,,,,,,,,,,,,,,,,,,,,,,,,,,,,,,,,,,,,,,,,,,,,,,,,,,,,,,,,,,,,,,,,,"26DSCM0730"
"SCM","Order Management","Order Management","Configurator Runtime Designer","danielle.m.hafdal@oracle.com","11.13.26.10.0","Ready","New",,"Redwood Platform","155X8XR","https://apex.oraclecorp.com/pls/apex/f?p=22472:3:114174595139017:::3:P3_FEATURE_ID:155X8XR",,"Aruna Chidambaram","Adrita","Farrell",,,,,,,,,,,,,,,,,,,,,,,,,,,,,,,,,,,,,,,,,,,,,,,,,,,,,,,,,,,,,,,,,,,,,"26DSCM0731"
"SCM","Order Management","Order Management","Configurator Runtime Enhancements","danielle.m.hafdal@oracle.com","11.13.26.10.0","Ready","New",,"Redwood Platform","1WH0AZD","https://apex.oraclecorp.com/pls/apex/f?p=22472:3:114174595139017:::3:P3_FEATURE_ID:1WH0AZD",,"Aruna Chidambaram","Adrita","Farrell",,,,,,,,,,,,,,,,,,,,,,,,,,,,,,,,,,,,,,,,,,,,,,,,,,,,,,,,,,,,,,,,,,,,,"26DSCM0732"
"SCM","Maintenance","Maintenance","Configure additional fields for asset details","ann.scullion@oracle.com","11.13.26.10.0","Ready","Published","Application Composer adjustments to expose","Redwood Platform","1LBW1J2","https://apex.oraclecorp.com/pls/apex/f?p=22472:3:114174595139017:::3:P3_FEATURE_ID:1LBW1J2",,"Aruna Chidambaram","Adrita","Omkar","Acquire to Retire","TBD","NF involves App composer and VBS Advanced so will require additional learning and POCs","Yes","Yes","1095-25: Oracle Maintenance Cloud 2025 Implementation Professional","1095-25: Oracle Maintenance Cloud 2025 Implementation Professional","Maintenance Management
",,,"10/14/2026","Combined Bundled NF","26D Maintenance Features",,,,,,,,,,,,,,,,,,,,,,,,,,,,,,,,,,,,,,,,,,,,,,,,,,,,,,,,"26DSCM0733"
"SCM","Inventory Management","Inventory Management","Configure and use parent lot for lot-controlled items","jared.lang@oracle.com","11.13.26.10.0","Ready","Published","Setup Required","Redwood Platform",,,,"Aruna Chidambaram","Adrita","Kirthika","Logistics Operations to Optimization","Yes",,"Yes","Yes","1Z0-1073-26: Oracle Inventory Cloud 2026 Implementation Professional","Oracle Inventory Cloud 2026 Implementation Professional (1D0-1073-26-D)","Oracle Fusion Cloud SCM: Supply Chain Management Foundation","Become a Certified Inventory Implementer","Yes","10/23/2026","Single NF",,,,,,,,,,,,,,,,,,,,,,,,,,,,,,,,,,,,,,,,,,,,,,,,,,,,,,,,,"26DSCM0734"
"SCM","Supply Planning","Supply Planning","Configure default filters for page search","srinivas.bulusu@oracle.com","11.13.26.10.0","Ready","Published","Ready to use, small scale with prerequisite","Redwood Platform","1GGWCAY","https://apex.oraclecorp.com/pls/apex/f?p=22472:3:114174595139017:::3:P3_FEATURE_ID:1GGWCAY",,"Aruna Chidambaram","Adrita","Nick",,"No","CDL Bandwidth",,,,,,,,,,,,,,,,,,,,,,,,,,,,,,,,,,,,,,,,,,,,,,,,,,,,,,,,,,,,,,,,,,"26DSCM0735"
"SCM","Demand Management","Replenishment Planning","Configure default filters for page search","srinivas.bulusu@oracle.com","11.13.26.10.0","Ready","Published","Opt In","Redwood Platform",,,,"Aruna Chidambaram","Adrita","Nick",,"No","CDL Bandwidth",,,,,,,,,,,,,,,,,,,,,,,,,,,,,,,,,,,,,,,,,,,,,,,,,,,,,,,,,,,,,,,,,,"26DSCM0736"
"SCM","Inventory Management","Inventory Management","Consider unreleased sales orders as demand for min-max planning","jared.lang@oracle.com","11.13.26.10.0","Ready","Published","Setup Required",,"18A252R","https://apex.oraclecorp.com/pls/apex/f?p=22472:3:114174595139017:::3:P3_FEATURE_ID:18A252R","Low","Aruna Chidambaram","Adrita","Kirthika",,"Yes",,"Yes","Yes","1Z0-1073-26: Oracle Inventory Cloud 2026 Implementation Professional","Oracle Inventory Cloud 2026 Implementation Professional (1D0-1073-26-D)","Oracle Fusion Cloud SCM: Supply Chain Management Foundation","Become a Certified Inventory Implementer","Yes","10/22/2026","Combined Primary NF","Inventory Replenishment Enhancements in 26D",,,,,,,,,,,,,,,,,,,,,,,,,,,,,,,,,,,,,,,,,,,,,,,,,,,,,,,,"26DSCM0737"
"SCM","Inventory Management","Inventory Management","Control creation of new subinventories with a privilege","jared.lang@oracle.com","11.13.26.10.0","Ready","Published","Visual Builder","Redwood Platform","1P3L2GU","https://apex.oraclecorp.com/pls/apex/f?p=22472:3:114174595139017:::3:P3_FEATURE_ID:1P3L2GU",,"Aruna Chidambaram","Adrita","Kirthika",,"Yes",,"Yes","Yes","1Z0-1073-26: Oracle Inventory Cloud 2026 Implementation Professional","Oracle Inventory Cloud 2026 Implementation Professional (1D0-1073-26-D)","Oracle Fusion Cloud SCM: Supply Chain Management Foundation","Become a Certified Inventory Implementer","Yes","10/23/2026","Single NF",,,,,,,,,,,,,,,,,,,,,,,,,,,,,,,,,,,,,,,,,,,,,,,,,,,,,,,,,"26DSCM0738"
"SCM","Inventory Management","Inventory Management","Control the status for requisitions created from PAR counts","jared.lang@oracle.com","11.13.26.10.0","Ready","Published","Setup Required",,"1Z4E4B0","https://apex.oraclecorp.com/pls/apex/f?p=22472:3:114174595139017:::3:P3_FEATURE_ID:1Z4E4B0",,"Aruna Chidambaram","Adrita","Kirthika",,"Yes",,"Yes","Yes","1Z0-1073-26: Oracle Inventory Cloud 2026 Implementation Professional","Oracle Inventory Cloud 2026 Implementation Professional (1D0-1073-26-D)","Oracle Fusion Cloud SCM: Supply Chain Management Foundation","Become a Certified Inventory Implementer","Yes","10/22/2026","Combined Bundled NF","Inventory Replenishment Enhancements in 26D",,,,,,,,,,,,,,,,,,,,,,,,,,,,,,,,,,,,,,,,,,,,,,,,,,,,,,,,"26DSCM0739"
"SCM","Demand Management","Demand Management","Create a full copy of a demand plan","srinivas.bulusu@oracle.com","11.13.26.10.0","Ready","Published","Ready to use, small scale","Redwood Platform","1U2M2EZ","https://apex.oraclecorp.com/pls/apex/f?p=22472:3:114174595139017:::3:P3_FEATURE_ID:1U2M2EZ",,"Aruna Chidambaram","Adrita","Nick",,"No","CDL Bandwidth",,,,,,,,,,,,,,,,,,,,,,,,,,,,,,,,,,,,,,,,,,,,,,,,,,,,,,,,,,,,,,,,,,"26DSCM0740"
"SCM","Order Management","Pricing","Create and manage pricing matrix types","venkataramana.malluri@oracle.com","11.13.26.10.0","Ready","Published","Setup Required","Redwood Platform","1H4QQP0","https://apex.oraclecorp.com/pls/apex/f?p=22472:3:114174595139017:::3:P3_FEATURE_ID:1H4QQP0",,"Aruna Chidambaram","Adrita","Farrell",,,,,,,,,,,,,,,,,,,,,,,,,,,,,,,,,,,,,,,,,,,,,,,,,,,,,,,,,,,,,,,,,,,,,"26DSCM0741"
"SCM","Order Management","Pricing","Create and manage pricing message token attribute definitions","venkataramana.malluri@oracle.com","11.13.26.10.0","Ready","Published","Setup Required","Redwood Platform","1OPCKUD","https://apex.oraclecorp.com/pls/apex/f?p=22472:3:114174595139017:::3:P3_FEATURE_ID:1OPCKUD",,"Aruna Chidambaram","Adrita","Farrell",,,,,,,,,,,,,,,,,,,,,,,,,,,,,,,,,,,,,,,,,,,,,,,,,,,,,,,,,,,,,,,,,,,,,"26DSCM0742"
"SCM","Order Management","Pricing","Create and manage pricing messages","venkataramana.malluri@oracle.com","11.13.26.10.0","Ready","Published","Setup Required","Redwood Platform","1BDYRK6","https://apex.oraclecorp.com/pls/apex/f?p=22472:3:114174595139017:::3:P3_FEATURE_ID:1BDYRK6",,"Aruna Chidambaram","Adrita","Farrell",,,,,,,,,,,,,,,,,,,,,,,,,,,,,,,,,,,,,,,,,,,,,,,,,,,,,,,,,,,,,,,,,,,,,"26DSCM0743"
"SCM","Order Management","Pricing","Create and manage pricing rounding rule assignments","venkataramana.malluri@oracle.com","11.13.26.10.0","Ready","Published","Setup Required","Redwood Platform","1SRN5S9","https://apex.oraclecorp.com/pls/apex/f?p=22472:3:114174595139017:::3:P3_FEATURE_ID:1SRN5S9",,"Aruna Chidambaram","Adrita","Farrell",,,,,,,,,,,,,,,,,,,,,,,,,,,,,,,,,,,,,,,,,,,,,,,,,,,,,,,,,,,,,,,,,,,,,"26DSCM0744"
"SCM","Order Management","Pricing","Create and manage pricing rounding rules","venkataramana.malluri@oracle.com","11.13.26.10.0","Ready","Published","Setup Required","Redwood Platform","1OYI8F4","https://apex.oraclecorp.com/pls/apex/f?p=22472:3:114174595139017:::3:P3_FEATURE_ID:1OYI8F4",,"Aruna Chidambaram","Adrita","Farrell",,,,,,,,,,,,,,,,,,,,,,,,,,,,,,,,,,,,,,,,,,,,,,,,,,,,,,,,,,,,,,,,,,,,,"26DSCM0745"
"SCM","Order Management","Order Management","Create and Process Coverages and Subscriptions within Pick to Order Models","staci.plum@oracle.com","11.13.26.10.0","Ready","New",,"Redwood Platform","1C1B0JS","https://apex.oraclecorp.com/pls/apex/f?p=22472:3:114174595139017:::3:P3_FEATURE_ID:1C1B0JS",,"Aruna Chidambaram","Adrita","Farrell",,,,,,,,,,,,,,,,,,,,,,,,,,,,,,,,,,,,,,,,,,,,,,,,,,,,,,,,,,,,,,,,,,,,,"26DSCM0746"
"SCM","Manufacturing","Process Manufacturing","Create dispensing instructions and enforce operator compliance","elaine.wan@oracle.com","11.13.26.10.0","Ready","Published","Setup Required","Redwood Platform","1CV44MF","https://apex.oraclecorp.com/pls/apex/f?p=22472:3:114174595139017:::3:P3_FEATURE_ID:1CV44MF",,"Aruna Chidambaram","Adrita","David Nelson",,,,,,,,,,,,,,,,,,,,,,,,,,,,,,,,,,,,,,,,,,,,,,,,,,,,,,,,,,,,,,,,,,,,,"26DSCM0747"
"SCM","Order Management","Order Management","Customer Self-Service for Sales Orders","anwar.hussain@oracle.com","11.13.26.10.0","Ready","New",,"AI agent","1IUW76B","https://apex.oraclecorp.com/pls/apex/f?p=22472:3:114174595139017:::3:P3_FEATURE_ID:1IUW76B",,"Aruna Chidambaram","Adrita","Farrell",,,,,,,,,,,,,,,,,,,,,,,,,,,,,,,,,,,,,,,,,,,,,,,,,,,,,,,,,,,,,,,,,,,,,"26DSCM0748"
"SCM","Configurator","Configurator","Decimal quantity support for configurator","al.satchu@oracle.com","11.13.26.10.0","Ready","Published","Setup Required","Redwood Platform","1LMV2W0","https://apex.oraclecorp.com/pls/apex/f?p=22472:3:114174595139017:::3:P3_FEATURE_ID:1LMV2W0",,"Aruna Chidambaram","Adrita","Farrell",,,,,,,,,,,,,,,,,,,,,,,,,,,,,,,,,,,,,,,,,,,,,,,,,,,,,,,,,,,,,,,,,,,,,"26DSCM0749"
"SCM","Inventory Management","Cost Management","Default cost organization across Cost Accounting pages","pramod.deshmane@oracle.com","11.13.26.10.0","Ready","Published","Ready to use, small scale",,"1BLMJ3P","https://apex.oraclecorp.com/pls/apex/f?p=22472:3:114174595139017:::3:P3_FEATURE_ID:1BLMJ3P",,"Aruna Chidambaram","Adrita","Omkar",,"No","Minor auto enabled navigation usability update",,,,,,,,,,,,,,,,,,,,,,,,,,,,,,,,,,,,,,,,,,,,,,,,,,,,,,,,,,,,,,,,,,"26DSCM0750"
"SCM","Manufacturing","Manufacturing","Define and execute parallel operations on discrete production lines","elaine.wan@oracle.com","11.13.26.10.0","Ready","Published","Setup Required","Redwood Platform","1BQMS9E","https://apex.oraclecorp.com/pls/apex/f?p=22472:3:114174595139017:::3:P3_FEATURE_ID:1BQMS9E",,"Aruna Chidambaram","Adrita","David Nelson",,,,,,,,,,,,,,,,,,,,,,,,,,,,,,,,,,,,,,,,,,,,,,,,,,,,,,,,,,,,,,,,,,,,,"26DSCM0751"
"SCM","SCM Common Components","SCM Common Components","Define carriers and their shipping methods using a new user experience","ann.scullion@oracle.com","11.13.26.10.0","In Review","Published","Setup Required","Redwood Platform","1DEUC48","https://apex.oraclecorp.com/pls/apex/f?p=22472:3:114174595139017:::3:P3_FEATURE_ID:1DEUC48",,"Aruna Chidambaram","Adrita","Nick",,"No","CDL Bandwidth",,,,,,,,,,,,,,,,,,,,,,,,,,,,,,,,,,,,,,,,,,,,,,,,,,,,,,,,,,,,,,,,,,"26DSCM0752"
"SCM","Quality Management","Quality Inspection Management","Define customer inspection plans and compare inspection results","elaine.wan@oracle.com","11.13.26.10.0","Ready","Published","Opt In plus Setup","Redwood Platform","1NV8WYT","https://apex.oraclecorp.com/pls/apex/f?p=22472:3:114174595139017:::3:P3_FEATURE_ID:1NV8WYT",,"Aruna Chidambaram","Adrita","David Nelson",,,,,,,,,,,,,,,,,,,,,,,,,,,,,,,,,,,,,,,,,,,,,,,,,,,,,,,,,,,,,,,,,,,,,"26DSCM0753"
"SCM","SCM Common Components","SCM Common Components","Define inventory organization parameters using a new user experience","ann.scullion@oracle.com","11.13.26.10.0","In Review","Published","Setup Required","Redwood Platform","16NY0JX","https://apex.oraclecorp.com/pls/apex/f?p=22472:3:114174595139017:::3:P3_FEATURE_ID:16NY0JX",,"Aruna Chidambaram","Adrita","Nick",,"No","CDL Bandwidth",,,,,,,,,,,,,,,,,,,,,,,,,,,,,,,,,,,,,,,,,,,,,,,,,,,,,,,,,,,,,,,,,,"26DSCM0754"
"SCM","Product Lifecycle Management","Product Management","Define item attributes for sublot management and self-service commerce","kathy.antoun@oracle.com","11.13.26.10.0","Ready","Published","Ready to use, small scale","Redwood Platform","1M61C98","https://apex.oraclecorp.com/pls/apex/f?p=22472:3:114174595139017:::3:P3_FEATURE_ID:1M61C98",,"Aruna Chidambaram","Adrita","Kirthika","Idea to Commercialization","Yes",,"Yes","Yes","1Z0-1078-26: Oracle Product Lifecycle Management 2026 Implementation Professional","Oracle Product Lifecycle Management 2026 Implementation Professional (1D0-1078-26-D)","Oracle SCM Cloud: Product Management Implementation","Become a Certified Product Lifecycle Management Implementer","Yes","10/30/2026","Combined Primary NF","Item enhancements in 26D",,,,,,,,,,,,,,,,,,,,,,,,,,,,,,,,,,,,,,,,,,,,,,,,,,,,,,,,"26DSCM0755"
"SCM","SCM Common Components","SCM Common Components","Define plant parameters using a new user experience","ann.scullion@oracle.com","11.13.26.10.0","In Review","Published","Setup Required","Redwood Platform","1UZ6ZQH","https://apex.oraclecorp.com/pls/apex/f?p=22472:3:114174595139017:::3:P3_FEATURE_ID:1UZ6ZQH",,"Aruna Chidambaram","Adrita","Nick",,"No","CDL Bandwidth",,,,,,,,,,,,,,,,,,,,,,,,,,,,,,,,,,,,,,,,,,,,,,,,,,,,,,,,,,,,,,,,,,"26DSCM0756"
"SCM","Configurator","Configurator","Define sales structure for configurator models","al.satchu@oracle.com","11.13.26.10.0","Ready","Published","Setup Required","Redwood Platform","1PCFMFE","https://apex.oraclecorp.com/pls/apex/f?p=22472:3:114174595139017:::3:P3_FEATURE_ID:1PCFMFE","High","Aruna Chidambaram","Adrita","Farrell",,,,,,,,,,,,,,,,,,,,,,,,,,,,,,,,,,,,,,,,,,,,,,,,,,,,,,,,,,,,,,,,,,,,,"26DSCM0757"
"SCM","Collaboration Messaging","Collaboration Messaging","Derive supplier site from invoice account numbers","patricia.zapata@oracle.com","11.13.26.10.0","Ready","Published","Setup Required",,"1MNKCHX","https://apex.oraclecorp.com/pls/apex/f?p=22472:3:114174595139017:::3:P3_FEATURE_ID:1MNKCHX",,"Aruna Chidambaram","Adrita","Nick",,"No","CDL Bandwidth",,,,,,,,,,,,,,,,,,,,,,,,,,,,,,,,,,,,,,,,,,,,,,,,,,,,,,,,,,,,,,,,,,"26DSCM0758"
"SCM","Manufacturing","Smart Operations","Display operational parameters from connected equipment during production execution","elaine.wan@oracle.com","11.13.26.10.0","Ready","Published","Opt In plus Setup","Redwood Platform","1XJ1WKT","https://apex.oraclecorp.com/pls/apex/f?p=22472:3:114174595139017:::3:P3_FEATURE_ID:1XJ1WKT",,"Aruna Chidambaram","Adrita","David Nelson",,,,,,,,,,,,,,,,,,,,,,,,,,,,,,,,,,,,,,,,,,,,,,,,,,,,,,,,,,,,,,,,,,,,,"26DSCM0759"
"SCM","Supply Planning","Supply Planning","Edit spreadsheets in supplies and demands","srinivas.bulusu@oracle.com","11.13.26.10.0","Ready","Published","Setup Required","Redwood Platform","1Z4OME3","https://apex.oraclecorp.com/pls/apex/f?p=22472:3:114174595139017:::3:P3_FEATURE_ID:1Z4OME3",,"Aruna Chidambaram","Adrita","Nick",,"No","CDL Bandwidth",,,,,,,,,,,,,,,,,,,,,,,,,,,,,,,,,,,,,,,,,,,,,,,,,,,,,,,,,,,,,,,,,,"26DSCM0760"
"SCM","Inventory Management","Supply Chain Financial Orchestration","Eliminate cost processor dependency for transfer price calculation in multi-node intercompany transactions","pramod.deshmane@oracle.com","11.13.26.10.0","Ready","Published","Ready to use, small scale",,"1VRUJKY","https://apex.oraclecorp.com/pls/apex/f?p=22472:3:114174595139017:::3:P3_FEATURE_ID:1VRUJKY",,"Aruna Chidambaram","Adrita","Omkar",,"Yes",,"Yes","Yes","1074-25: Oracle Cost Management Cloud 2025 Implementation Professional","1074-25: Oracle Cost Management Cloud 2025 Implementation Professional",,,,"10/9/2026",,,,,,,,,,,,,,,,,,,,,,,,,,,,,,,,,,,,,,,,,,,,,,,,,,,,,,,,,,"26DSCM0761"
"SCM","Inventory Management","Inventory Management","Enable electronic records and electronic signatures for material transactions","jared.lang@oracle.com","11.13.26.10.0","Ready","Published","Setup Required",,"1358DOA","https://apex.oraclecorp.com/pls/apex/f?p=22472:3:114174595139017:::3:P3_FEATURE_ID:1358DOA","Low","Aruna Chidambaram","Adrita","Kirthika","Logistics Operations to Optimization","Yes",,"Yes","Yes","1Z0-1073-26: Oracle Inventory Cloud 2026 Implementation Professional","Oracle Inventory Cloud 2026 Implementation Professional (1D0-1073-26-D)","Oracle Fusion Cloud SCM: Supply Chain Management Foundation","Become a Certified Inventory Implementer","Yes","10/28/2026","Single NF",,,,,,,,,,,,,,,,,,,,,,,,,,,,,,,,,,,,,,,,,,,,,,,,,,,,,,,,,"26DSCM0762"
"SCM","Order Management","Pricing","Enable formulas in rate plans to calculate charges for subscription items","venkataramana.malluri@oracle.com","11.13.26.10.0","Ready","Published","Ready to use, small scale",,"1SCYLLB","https://apex.oraclecorp.com/pls/apex/f?p=22472:3:114174595139017:::3:P3_FEATURE_ID:1SCYLLB",,"Aruna Chidambaram","Adrita","Farrell",,,,,,,,,,,,,,,,,,,,,,,,,,,,,,,,,,,,,,,,,,,,,,,,,,,,,,,,,,,,,,,,,,,,,"26DSCM0763"
"SCM","Supply Chain Orchestration","Supply Chain Orchestration","Enable intra-organizational material transfers for transfer supply requests originating from Self Service Procurement","venkataramana.malluri@oracle.com","11.13.26.10.0","Ready","Published","Setup Required",,"1BHXR5T","https://apex.oraclecorp.com/pls/apex/f?p=22472:3:114174595139017:::3:P3_FEATURE_ID:1BHXR5T",,"Aruna Chidambaram","Adrita","Nick",,"Yes",,,,,,,,,,,,,,,,,,,,,,,,,,,,,,,,,,,,,,,,,,,,,,,,,,,,,,,,,,,,,,,,,,,"26DSCM0764"
"SCM","Supply Planning","Supply Planning","Enable parallel runs for load data process during targeted refresh collections","srinivas.bulusu@oracle.com","11.13.26.10.0","Ready","Published","Ready to use, small scale with prerequisite","Redwood Platform","15NSTTO","https://apex.oraclecorp.com/pls/apex/f?p=22472:3:114174595139017:::3:P3_FEATURE_ID:15NSTTO",,"Aruna Chidambaram","Adrita","Nick",,"No","CDL Bandwidth",,,,,,,,,,,,,,,,,,,,,,,,,,,,,,,,,,,,,,,,,,,,,,,,,,,,,,,,,,,,,,,,,,"26DSCM0765"
"SCM","Demand Management","Replenishment Planning","Enable parallel runs for load data process during targeted refresh collections","srinivas.bulusu@oracle.com","11.13.26.10.0","Ready","Published","Opt In","Redwood Platform",,,,"Aruna Chidambaram","Adrita","Nick",,"No","CDL Bandwidth",,,,,,,,,,,,,,,,,,,,,,,,,,,,,,,,,,,,,,,,,,,,,,,,,,,,,,,,,,,,,,,,,,"26DSCM0766"
"SCM","Supply Planning","Supply Planning","Enable toolbar in pivot tables in compare mode","srinivas.bulusu@oracle.com","11.13.26.10.0","Ready","Published","Ready to use, small scale with prerequisite","Redwood Platform","1U6HNKK","https://apex.oraclecorp.com/pls/apex/f?p=22472:3:114174595139017:::3:P3_FEATURE_ID:1U6HNKK",,"Aruna Chidambaram","Adrita","Nick",,"No","CDL Bandwidth",,,,,,,,,,,,,,,,,,,,,,,,,,,,,,,,,,,,,,,,,,,,,,,,,,,,,,,,,,,,,,,,,,"26DSCM0767"
"SCM","Demand Management","Replenishment Planning","Enable toolbar in pivot tables in compare mode","srinivas.bulusu@oracle.com","11.13.26.10.0","Ready","Published","Opt In","Redwood Platform",,,,"Aruna Chidambaram","Adrita","Nick",,"No","CDL Bandwidth",,,,,,,,,,,,,,,,,,,,,,,,,,,,,,,,,,,,,,,,,,,,,,,,,,,,,,,,,,,,,,,,,,"26DSCM0768"
"SCM","Order Management","Order Management","Enforce Minimum Remaining Shelf Life in Order Fulfillment","sandeep.x.kurur@oracle.com","11.13.26.10.0","Ready","Published","Setup Required",,"1ZS22SX","https://apex.oraclecorp.com/pls/apex/f?p=22472:3:114174595139017:::3:P3_FEATURE_ID:1ZS22SX","High","Aruna Chidambaram","Adrita","Farrell",,,,,,,,,,,,,,,,,,,,,,,,,,,,,,,,,,,,,,,,,,,,,,,,,,,,,,,,,,,,,,,,,,,,,"26DSCM0769"
"SCM","Inventory Management","Cost Management","Exclude nonquantity tracked subinventory locations from inventory valuation","pramod.deshmane@oracle.com","11.13.26.10.0","Ready","Published","Opt In plus Setup",,"1X8VLNR","https://apex.oraclecorp.com/pls/apex/f?p=22472:3:114174595139017:::3:P3_FEATURE_ID:1X8VLNR",,"Aruna Chidambaram","Adrita","Omkar",,"Yes",,"Yes","No",,,,,,"10/12/2026",,,,,,,,,,,,,,,,,,,,,,,,,,,,,,,,,,,,,,,,,,,,,,,,,,,,,,,,,,"26DSCM0770"
"SCM","Manufacturing","Discrete Manufacturing","Execute production campaigns","elaine.wan@oracle.com","11.13.26.10.0","Ready","Published","Setup Required","Redwood Platform","19QB1NX","https://apex.oraclecorp.com/pls/apex/f?p=22472:3:114174595139017:::3:P3_FEATURE_ID:19QB1NX","High","Aruna Chidambaram","Adrita","David Nelson",,,,,,,,,,,,,,,,,,,,,,,,,,,,,,,,,,,,,,,,,,,,,,,,,,,,,,,,,,,,,,,,,,,,,"26DSCM0771"
"SCM","Manufacturing","Process Manufacturing","Execute production campaigns for batches","elaine.wan@oracle.com","11.13.26.10.0","Ready","Published","Setup Required","Redwood Platform","1DHCCRP","https://apex.oraclecorp.com/pls/apex/f?p=22472:3:114174595139017:::3:P3_FEATURE_ID:1DHCCRP","High","Aruna Chidambaram","Adrita","David Nelson",,,,,,,,,,,,,,,,,,,,,,,,,,,,,,,,,,,,,,,,,,,,,,,,,,,,,,,,,,,,,,,,,,,,,"26DSCM0772"
"SCM","Manufacturing","Smart Operations","Execute work order operations with additional completion options","elaine.wan@oracle.com","11.13.26.10.0","Ready","In Review","Opt In plus Setup","Redwood Platform","1VEZ2VS","https://apex.oraclecorp.com/pls/apex/f?p=22472:3:114174595139017:::3:P3_FEATURE_ID:1VEZ2VS",,"Aruna Chidambaram","Adrita","David Nelson",,,,,,,,,,,,,,,,,,,,,,,,,,,,,,,,,,,,,,,,,,,,,,,,,,,,,,,,,,,,,,,,,,,,,"26DSCM0773"
"SCM","Demand Management","Demand Management","Export a list of measures","srinivas.bulusu@oracle.com","11.13.26.10.0","Ready","Published","Ready to use, small scale","Redwood Platform","1GOGEZA","https://apex.oraclecorp.com/pls/apex/f?p=22472:3:114174595139017:::3:P3_FEATURE_ID:1GOGEZA",,"Aruna Chidambaram","Adrita","Nick",,"No","CDL Bandwidth",,,,,,,,,,,,,,,,,,,,,,,,,,,,,,,,,,,,,,,,,,,,,,,,,,,,,,,,,,,,,,,,,,"26DSCM0774"
"SCM","Demand Management","Replenishment Planning","Export a list of measures","srinivas.bulusu@oracle.com","11.13.26.10.0","Ready","Published","Opt In","Redwood Platform",,,,"Aruna Chidambaram","Adrita","Nick",,"No","CDL Bandwidth",,,,,,,,,,,,,,,,,,,,,,,,,,,,,,,,,,,,,,,,,,,,,,,,,,,,,,,,,,,,,,,,,,"26DSCM0775"
"SCM","Demand Management","Demand Management","Export details of the plan status","srinivas.bulusu@oracle.com","11.13.26.10.0","Ready","Published","Ready to use, small scale","Redwood Platform","1I6968S","https://apex.oraclecorp.com/pls/apex/f?p=22472:3:114174595139017:::3:P3_FEATURE_ID:1I6968S",,"Aruna Chidambaram","Adrita","Nick",,"No","CDL Bandwidth",,,,,,,,,,,,,,,,,,,,,,,,,,,,,,,,,,,,,,,,,,,,,,,,,,,,,,,,,,,,,,,,,,"26DSCM0776"
"SCM","Demand Management","Replenishment Planning","Export details of the plan status","srinivas.bulusu@oracle.com","11.13.26.10.0","Ready","Published","Opt In","Redwood Platform",,,,"Aruna Chidambaram","Adrita","Nick",,"No","CDL Bandwidth",,,,,,,,,,,,,,,,,,,,,,,,,,,,,,,,,,,,,,,,,,,,,,,,,,,,,,,,,,,,,,,,,,"26DSCM0777"
"SCM","Supply Planning","Supply Planning","Filter by a relative date range before or after the plan start date in visualizations","srinivas.bulusu@oracle.com","11.13.26.10.0","Ready","Published","Ready to use, small scale","Redwood Platform","1FX7EE5","https://apex.oraclecorp.com/pls/apex/f?p=22472:3:114174595139017:::3:P3_FEATURE_ID:1FX7EE5",,"Aruna Chidambaram","Adrita","Nick",,"No","CDL Bandwidth",,,,,,,,,,,,,,,,,,,,,,,,,,,,,,,,,,,,,,,,,,,,,,,,,,,,,,,,,,,,,,,,,,"26DSCM0778"
"SCM","Demand Management","Replenishment Planning","Filter by a relative date range before or after the plan start date in visualizations","srinivas.bulusu@oracle.com","11.13.26.10.0","Ready","Published","Opt In","Redwood Platform",,,,"Aruna Chidambaram","Adrita","Nick",,"No","CDL Bandwidth",,,,,,,,,,,,,,,,,,,,,,,,,,,,,,,,,,,,,,,,,,,,,,,,,,,,,,,,,,,,,,,,,,"26DSCM0779"
"SCM","Supply Planning","Supply Planning","Filter by multiple product catalogs","srinivas.bulusu@oracle.com","11.13.26.10.0","Ready","Published","Ready to use, small scale","Redwood Platform","16SK9CE","https://apex.oraclecorp.com/pls/apex/f?p=22472:3:114174595139017:::3:P3_FEATURE_ID:16SK9CE",,"Aruna Chidambaram","Adrita","Nick",,"No","CDL Bandwidth",,,,,,,,,,,,,,,,,,,,,,,,,,,,,,,,,,,,,,,,,,,,,,,,,,,,,,,,,,,,,,,,,,"26DSCM0780"
"SCM","Supply Planning","Supply Planning","Filter exception results by column values and show exception types based on context","srinivas.bulusu@oracle.com","11.13.26.10.0","Ready","Published","Ready to use, small scale with prerequisite","Redwood Platform","1X43ZN2","https://apex.oraclecorp.com/pls/apex/f?p=22472:3:114174595139017:::3:P3_FEATURE_ID:1X43ZN2",,"Aruna Chidambaram","Adrita","Nick",,"No","CDL Bandwidth",,,,,,,,,,,,,,,,,,,,,,,,,,,,,,,,,,,,,,,,,,,,,,,,,,,,,,,,,,,,,,,,,,"26DSCM0781"
"SCM","Demand Management","Replenishment Planning","Filter exception results by column values and show exception types based on context","srinivas.bulusu@oracle.com","11.13.26.10.0","Ready","Published","Opt In","Redwood Platform",,,,"Aruna Chidambaram","Adrita","Nick",,"No","CDL Bandwidth",,,,,,,,,,,,,,,,,,,,,,,,,,,,,,,,,,,,,,,,,,,,,,,,,,,,,,,,,,,,,,,,,,"26DSCM0782"
"SCM","Manufacturing","Process Manufacturing","Get substitution recommendations for high-risk, unreleased batches using the Batch Conformance Guide","elaine.wan@oracle.com","11.13.26.10.0","Ready","Published","Ready to use, larger scale","Agentic app","1YV613D","https://apex.oraclecorp.com/pls/apex/f?p=22472:3:114174595139017:::3:P3_FEATURE_ID:1YV613D","High","Aruna Chidambaram","Adrita","David Nelson",,,,,,,,,,,,,,,,,,,,,,,,,,,,,,,,,,,,,,,,,,,,,,,,,,,,,,,,,,,,,,,,,,,,,"26DSCM0783"
"SCM","Inventory Management","Inventory Management","Group transfer orders by source and destination organization when routing through Order Management","jared.lang@oracle.com","11.13.26.10.0","Ready","Published","Ready to use, small scale",,"1SCM2QS","https://apex.oraclecorp.com/pls/apex/f?p=22472:3:114174595139017:::3:P3_FEATURE_ID:1SCM2QS",,"Aruna Chidambaram","Adrita","Kirthika","Logistics Operations to Optimization","Yes",,"Yes","Yes","1Z0-1073-26: Oracle Inventory Cloud 2026 Implementation Professional","Oracle Inventory Cloud 2026 Implementation Professional (1D0-1073-26-D)","Oracle Fusion Cloud SCM: Supply Chain Management Foundation","Become a Certified Inventory Implementer","Yes","10/20/2026","Combined Bundled NF","Inventory Transaction Enhancements in 26D",,,,,,,,,,,,,,,,,,,,,,,,,,,,,,,,,,,,,,,,,,,,,,,,,,,,,,,,"26DSCM0784"
"SCM","Supply Planning","Supply Planning","Group visualizations and drill-to-action logically","srinivas.bulusu@oracle.com","11.13.26.10.0","Ready","Published","Ready to use, small scale with prerequisite","Redwood Platform","1K4LHFT","https://apex.oraclecorp.com/pls/apex/f?p=22472:3:114174595139017:::3:P3_FEATURE_ID:1K4LHFT",,"Aruna Chidambaram","Adrita","Nick",,"No","CDL Bandwidth",,,,,,,,,,,,,,,,,,,,,,,,,,,,,,,,,,,,,,,,,,,,,,,,,,,,,,,,,,,,,,,,,,"26DSCM0785"
"SCM","Demand Management","Replenishment Planning","Group visualizations and drill-to-action logically","srinivas.bulusu@oracle.com","11.13.26.10.0","Ready","Published","Opt In","Redwood Platform",,,,"Aruna Chidambaram","Adrita","Nick",,"No","CDL Bandwidth",,,,,,,,,,,,,,,,,,,,,,,,,,,,,,,,,,,,,,,,,,,,,,,,,,,,,,,,,,,,,,,,,,"26DSCM0786"
"SCM","Supply Planning","Supply Planning","Hide any filter in the filter bar in user-specific layout","srinivas.bulusu@oracle.com","11.13.26.10.0","Ready","Published","Ready to use, small scale","Redwood Platform","13J802N","https://apex.oraclecorp.com/pls/apex/f?p=22472:3:114174595139017:::3:P3_FEATURE_ID:13J802N",,"Aruna Chidambaram","Adrita","Nick",,"No","CDL Bandwidth",,,,,,,,,,,,,,,,,,,,,,,,,,,,,,,,,,,,,,,,,,,,,,,,,,,,,,,,,,,,,,,,,,"26DSCM0787"
"SCM","Demand Management","Replenishment Planning","Hide any filter in the filter bar in user-specific layout","srinivas.bulusu@oracle.com","11.13.26.10.0","Ready","Published","Opt In","Redwood Platform",,,,"Aruna Chidambaram","Adrita","Nick",,"No","CDL Bandwidth",,,,,,,,,,,,,,,,,,,,,,,,,,,,,,,,,,,,,,,,,,,,,,,,,,,,,,,,,,,,,,,,,,"26DSCM0788"
"SCM","Manufacturing","Process Manufacturing","Implement recipe changes with redlining, versioning, and approval","elaine.wan@oracle.com","11.13.26.10.0","Ready","Published","Setup Required","Redwood Platform","1FH35VS","https://apex.oraclecorp.com/pls/apex/f?p=22472:3:114174595139017:::3:P3_FEATURE_ID:1FH35VS",,"Aruna Chidambaram","Adrita","David Nelson",,,,,,,,,,,,,,,,,,,,,,,,,,,,,,,,,,,,,,,,,,,,,,,,,,,,,,,,,,,,,,,,,,,,,"26DSCM0789"
"SCM","Manufacturing","Discrete Manufacturing","Implement work definition changes with redlining, versioning, and approval","elaine.wan@oracle.com","11.13.26.10.0","Ready","Published","Setup Required","Redwood Platform","1ZWM1Y3","https://apex.oraclecorp.com/pls/apex/f?p=22472:3:114174595139017:::3:P3_FEATURE_ID:1ZWM1Y3","High","Aruna Chidambaram","Adrita","David Nelson",,,,,,,,,,,,,,,,,,,,,,,,,,,,,,,,,,,,,,,,,,,,,,,,,,,,,,,,,,,,,,,,,,,,,"26DSCM0790"
"SCM","Order Management","Order Management","Import Exceptions UI","krishnamurthy.hegde@oracle.com","11.13.26.10.0","Ready","New","Setup Required","Redwood Platform","1XR4UCW","https://apex.oraclecorp.com/pls/apex/f?p=22472:3:114174595139017:::3:P3_FEATURE_ID:1XR4UCW","High","Aruna Chidambaram","Adrita","Farrell",,,,,,,,,,,,,,,,,,,,,,,,,,,,,,,,,,,,,,,,,,,,,,,,,,,,,,,,,,,,,,,,,,,,,"26DSCM0791"
"SCM","Order Management","Pricing","Import large numbers of rate plans for price lists","vivian.y.lee@oracle.com","11.13.26.10.0","Ready","Published","Ready to use, small scale",,"1BDCDR8","https://apex.oraclecorp.com/pls/apex/f?p=22472:3:114174595139017:::3:P3_FEATURE_ID:1BDCDR8",,"Aruna Chidambaram","Adrita","Farrell",,,,,,,,,,,,,,,,,,,,,,,,,,,,,,,,,,,,,,,,,,,,,,,,,,,,,,,,,,,,,,,,,,,,,"26DSCM0792"
"SCM","Supply Planning","Supply Planning","Improve chart, pivot table, and filter interactions","srinivas.bulusu@oracle.com","11.13.26.10.0","Ready","Published","Ready to use, small scale with prerequisite","Redwood Platform","1LY7WCJ","https://apex.oraclecorp.com/pls/apex/f?p=22472:3:114174595139017:::3:P3_FEATURE_ID:1LY7WCJ",,"Aruna Chidambaram","Adrita","Nick",,"No","CDL Bandwidth",,,,,,,,,,,,,,,,,,,,,,,,,,,,,,,,,,,,,,,,,,,,,,,,,,,,,,,,,,,,,,,,,,"26DSCM0793"
"SCM","Demand Management","Replenishment Planning","Improve chart, pivot table, and filter interactions","srinivas.bulusu@oracle.com","11.13.26.10.0","Ready","Published","Opt In","Redwood Platform",,,,"Aruna Chidambaram","Adrita","Nick",,"No","CDL Bandwidth",,,,,,,,,,,,,,,,,,,,,,,,,,,,,,,,,,,,,,,,,,,,,,,,,,,,,,,,,,,,,,,,,,"26DSCM0794"
"SCM","Product Lifecycle Management","Product Management","Improve Item Revision Numbering to Support Special Characters and Enforce ASCII Sequence","kathy.antoun@oracle.com","11.13.26.10.0","New","New",,,,,,"Aruna Chidambaram","Adrita","Kirthika",,"No","Feature not available",,,,,,,"Yes",,,,,,,,,,,,,,,,,,,,,,,,,,,,,,,,,,,,,,,,,,,,,,,,,,,,,,,,,,,"26DSCM0795"
"SCM","Supply Planning","Supply Planning","Include shipping method while exporting rules data","srinivas.bulusu@oracle.com","11.13.26.10.0","Ready","Published","Ready to use, small scale","Redwood Platform","1QMNL0Y","https://apex.oraclecorp.com/pls/apex/f?p=22472:3:114174595139017:::3:P3_FEATURE_ID:1QMNL0Y",,"Aruna Chidambaram","Adrita","Nick",,"No","CDL Bandwidth",,,,,,,,,,,,,,,,,,,,,,,,,,,,,,,,,,,,,,,,,,,,,,,,,,,,,,,,,,,,,,,,,,"26DSCM0796"
"SCM","Maintenance","Service Logistics","Include substitutions and supersessions in automatic parts search","ann.scullion@oracle.com","11.13.26.10.0","Ready","Published","Ready to use, small scale with prerequisite","Redwood Platform","110NLY2","https://apex.oraclecorp.com/pls/apex/f?p=22472:3:114174595139017:::3:P3_FEATURE_ID:110NLY2","Medium","Aruna Chidambaram","Adrita","Omkar",,"TBD","Extensive setup required. To be attempted in instance","Yes","No",,,,,,"10/14/2026",,,,,,,,,,,,,,,,,,,,,,,,,,,,,,,,,,,,,,,,,,,,,,,,,,,,,,,,,,"26DSCM0797"
"SCM","Maintenance","Service Logistics","Incorporate distance into parts search","ann.scullion@oracle.com","11.13.26.10.0","Ready","Published","Setup Required","Redwood Platform","1KIEM1K","https://apex.oraclecorp.com/pls/apex/f?p=22472:3:114174595139017:::3:P3_FEATURE_ID:1KIEM1K","Medium","Aruna Chidambaram","Adrita","Omkar",,"TBD","Extensive setup required. To be attempted in instance","Yes","No",,,,,,"10/14/2026",,,,,,,,,,,,,,,,,,,,,,,,,,,,,,,,,,,,,,,,,,,,,,,,,,,,,,,,,,"26DSCM0798"
"SCM","Product Lifecycle Management","Product Management","Inherit security for reference organization items","kathy.antoun@oracle.com","11.13.26.10.0","Ready","Published","Ready to use, small scale with prerequisite",,"1FC9NMD","https://apex.oraclecorp.com/pls/apex/f?p=22472:3:114174595139017:::3:P3_FEATURE_ID:1FC9NMD",,"Aruna Chidambaram","Adrita","Kirthika","Idea to Commercialization","Yes",,"Yes","No",,,"Oracle SCM Cloud: Product Management Implementation","Become a Certified Product Lifecycle Management Implementer","Yes","10/30/2026","Combined Bundled NF","Item enhancements in 26D",,,,,,,,,,,,,,,,,,,,,,,,,,,,,,,,,,,,,,,,,,,,,,,,,,,,,,,,"26DSCM0799"
"SCM","Quality Management","Quality Inspection Management","Inspect work in process using industrial handheld devices","elaine.wan@oracle.com","11.13.26.10.0","Ready","Published","Ready to use, small scale","Redwood Platform","1VKGWUU","https://apex.oraclecorp.com/pls/apex/f?p=22472:3:114174595139017:::3:P3_FEATURE_ID:1VKGWUU",,"Aruna Chidambaram","Adrita","David Nelson",,,,,,,,,,,,,,,,,,,,,,,,,,,,,,,,,,,,,,,,,,,,,,,,,,,,,,,,,,,,,,,,,,,,,"26DSCM0800"
"SCM","Demand Management","Demand Management","Introduce and plan for new business","srinivas.bulusu@oracle.com","11.13.26.10.0","Ready","Published","Ready to use, larger scale with prerequisite","Redwood Platform","1BQQFHH","https://apex.oraclecorp.com/pls/apex/f?p=22472:3:114174595139017:::3:P3_FEATURE_ID:1BQQFHH","High","Aruna Chidambaram","Adrita","Nick",,"No","CDL Bandwidth",,,,,,,,,,,,,,,,,,,,,,,,,,,,,,,,,,,,,,,,,,,,,,,,,,,,,,,,,,,,,,,,,,"26DSCM0801"
"SCM","Supply Chain Orchestration","Supply Chain Orchestration","Inventory on hand striping attributes for manual transfer supply requests in Supply Chain Orchestration","venkataramana.malluri@oracle.com","11.13.26.10.0","Ready","Published","Setup Required",,"13EWLW7","https://apex.oraclecorp.com/pls/apex/f?p=22472:3:114174595139017:::3:P3_FEATURE_ID:13EWLW7",,"Aruna Chidambaram","Adrita","Nick",,"No","CDL Bandwidth",,,,,,,,,,,,,,,,,,,,,,,,,,,,,,,,,,,,,,,,,,,,,,,,,,,,,,,,,,,,,,,,,,"26DSCM0802"
"SCM","Sales and Operations Planning","Inventory Optimization Planning","Inventory Planning Command Center - Inventory Budget Advisor","srinivas.bulusu@oracle.com","11.13.26.10.0","Ready","Published","Ready to use, small scale with prerequisite","Agentic app","1E8X04F","https://apex.oraclecorp.com/pls/apex/f?p=22472:3:114174595139017:::3:P3_FEATURE_ID:1E8X04F","High","Aruna Chidambaram","Adrita","Nick",,"Yes",,,,,,,,,,,,,,,,,,,,,,,,,,,,,,,,,,,,,,,,,,,,,,,,,,,,,,,,,,,,,,,,,,,"26DSCM0803"
"SCM","Advanced Inventory Management","Advanced Inventory Management","Inventory Task Allocation Assistant - Assign tasks to robotic material handling equipment","jared.lang@oracle.com","11.13.26.10.0","Ready","Published","Setup Required","AI agent","17DQXAD","https://apex.oraclecorp.com/pls/apex/f?p=22472:3:114174595139017:::3:P3_FEATURE_ID:17DQXAD",,"Aruna Chidambaram","Adrita","Kirthika",,"Yes","To be picked when 26D D02 is available","Yes","Yes","1Z0-1073-26: Oracle Inventory Cloud 2026 Implementation Professional","Oracle Inventory Cloud 2026 Implementation Professional (1D0-1073-26-D)","Oracle Fusion Cloud SCM: Supply Chain Management Foundation","Become a Certified Inventory Implementer","Yes",,"Single NF",,,"Bug","Agent not working as expected. Raised SR 0000012256",,,,,,,,,,,,,,,,,,,,,,,,,,,,,,,,,,,,,,,,,,,,,,,,,,,,,"26DSCM0804"
"SCM","Advanced Inventory Management","Advanced Inventory Management","LPN packing advisor","jared.lang@oracle.com","11.13.26.10.0","Ready","Published","Visual Builder","AI agent","1R1A6UX","https://apex.oraclecorp.com/pls/apex/f?p=22472:3:114174595139017:::3:P3_FEATURE_ID:1R1A6UX","High","Aruna Chidambaram","Adrita","Kirthika",,"Yes","To be picked when 26D D02 is available","Yes","Yes","1Z0-1073-26: Oracle Inventory Cloud 2026 Implementation Professional","Oracle Inventory Cloud 2026 Implementation Professional (1D0-1073-26-D)","Oracle Fusion Cloud SCM: Supply Chain Management Foundation","Become a Certified Inventory Implementer","Yes",,"Single NF",,,,,,,,,,,,,,,,,,,,,,,,,,,,,,,,,,,,,,,,,,,,,,,,,,,,,,,,,"26DSCM0805"
"SCM","Configurator","Configurator","Manage configurations programmatically with Redwood Configurator","al.satchu@oracle.com","11.13.26.10.0","Ready","Published","Ready to use, larger scale","Redwood Platform","1YLOQUA","https://apex.oraclecorp.com/pls/apex/f?p=22472:3:114174595139017:::3:P3_FEATURE_ID:1YLOQUA","High","Aruna Chidambaram","Adrita","Farrell",,,,,,,,,,,,,,,,,,,,,,,,,,,,,,,,,,,,,,,,,,,,,,,,,,,,,,,,,,,,,,,,,,,,,"26DSCM0806"
"SCM","Product Lifecycle Management","Product Management","Manage coverage and subscription relationships for model structures","kathy.antoun@oracle.com","11.13.26.10.0","Ready","Published","Opt In plus Setup","Redwood Platform","1LJZLCC","https://apex.oraclecorp.com/pls/apex/f?p=22472:3:114174595139017:::3:P3_FEATURE_ID:1LJZLCC",,"Aruna Chidambaram","Adrita","Kirthika","Idea to Commercialization","Yes",,"Yes","Yes","1Z0-1078-26: Oracle Product Lifecycle Management 2026 Implementation Professional","Oracle Product Lifecycle Management 2026 Implementation Professional (1D0-1078-26-D)","Oracle SCM Cloud: Product Management Implementation","Become a Certified Product Lifecycle Management Implementer","Yes","10/8/2026","Combined Bundled NF","Item Structure Enhancements in 26D",,,,,,,,,,,,,,,,,,,,,,,,,,,,,,,,,,,,,,,,,,,,,,,,,,,,,,,,"26DSCM0807"
"SCM","Maintenance","Maintenance","Manage multiple work orders using mass actions in Maintenance Supervision","devina.r.raithatha@oracle.com","11.13.26.10.0","New","Published","Ready to use, small scale","Redwood Platform","1LF7A9Y","https://apex.oraclecorp.com/pls/apex/f?p=22472:3:114174595139017:::3:P3_FEATURE_ID:1LF7A9Y","Medium","Aruna Chidambaram","Adrita","Omkar",,"No","Minor feature with improved Redwood usability",,,,,,,,,,,,,,,,,,,,,,,,,,,,,,,,,,,,,,,,,,,,,,,,,,,,,,,,,,,,,,,,,,"26DSCM0808"
"SCM","Order Management","Order Management","Manage Order Management Parameters","anil.jhawar@oracle.com","11.13.26.10.0","Ready","New",,"Redwood Platform","1B2RKJR","https://apex.oraclecorp.com/pls/apex/f?p=22472:3:114174595139017:::3:P3_FEATURE_ID:1B2RKJR",,"Aruna Chidambaram","Adrita","Farrell",,,,,,,,,,,,,,,,,,,,,,,,,,,,,,,,,,,,,,,,,,,,,,,,,,,,,,,,,,,,,,,,,,,,,"26DSCM0809"
"SCM","Order Management","Pricing","Manage pricing parameters","venkataramana.malluri@oracle.com","11.13.26.10.0","Ready","Published","Setup Required","Redwood Platform","1W2TR4F","https://apex.oraclecorp.com/pls/apex/f?p=22472:3:114174595139017:::3:P3_FEATURE_ID:1W2TR4F",,"Aruna Chidambaram","Adrita","Farrell",,,,,,,,,,,,,,,,,,,,,,,,,,,,,,,,,,,,,,,,,,,,,,,,,,,,,,,,,,,,,,,,,,,,,"26DSCM0810"
"SCM","Supply Planning","Production Scheduling","Manage production campaigns","srinivas.bulusu@oracle.com","11.13.26.10.0","Ready","Published","Opt In","Redwood Platform","1KZVTL6","https://apex.oraclecorp.com/pls/apex/f?p=22472:3:114174595139017:::3:P3_FEATURE_ID:1KZVTL6","High","Aruna Chidambaram","Adrita","Nick",,"No","CDL Bandwidth",,,,,,,,,,,,,,,,,,,,,,,,,,,,,,,,,,,,,,,,,,,,,,,,,,,,,,,,,,,,,,,,,,"26DSCM0811"
"SCM","Order Management","Order Management","Import Exceptions Page","krishnamurthy.hegde@oracle.com","11.13.26.10.0","Ready","Ready","Setup Required","Redwood Platform","1XR4UCW","https://apex.oraclecorp.com/pls/apex/f?p=22472:3:114174595139017:::3:P3_FEATURE_ID:1XR4UCW","High","Aruna Chidambaram","Adrita","Farrell",,,,,,,,,,,,,,,,,,,,,,,,,,,,,,,,,,,,,,,,,,,,,,,,,,,,,,,,,,,,,,,,,,,,,"26DSCM0812"
"SCM","Manufacturing","Manufacturing","Map a multiskilled labor resource to multiple resource types","elaine.wan@oracle.com","11.13.26.10.0","Ready","Ready","Ready to use, small scale with prerequisite","Redwood Platform","118P6U0","https://apex.oraclecorp.com/pls/apex/f?p=22472:3:114174595139017:::3:P3_FEATURE_ID:118P6U0","High","Aruna Chidambaram","Adrita","David Nelson",,,,,,,,,,,,,,,,,,,,,,,,,,,,,,,,,,,,,,,,,,,,,,,,,,,,,,,,,,,,,,,,,,,,,"26DSCM0813"
"SCM","Inventory Management","Inventory Management","Optimize manual cycle count selection for a single subinventory using a mobile device","jared.lang@oracle.com","11.13.26.10.0","Ready","Published","Ready to use, small scale",,"1HJMKEH","https://apex.oraclecorp.com/pls/apex/f?p=22472:3:114174595139017:::3:P3_FEATURE_ID:1HJMKEH",,"Aruna Chidambaram","Adrita","Kirthika",,"No","Simple Save and Next option self-explanatory",,,,,,,,,,,,,,,,,,,,,,,,,,,,,,,,,,,,,,,,,,,,,,,,,,,,,,,,,,,,,,,,,,"26DSCM0814"
"SCM","Sales and Operations Planning","Inventory Optimization Planning","Optimize service levels for an item while achieving segment-level targets","srinivas.bulusu@oracle.com","11.13.26.10.0","Ready","Published","Ready to use, small scale with prerequisite","Redwood Platform","1QDUL5O","https://apex.oraclecorp.com/pls/apex/f?p=22472:3:114174595139017:::3:P3_FEATURE_ID:1QDUL5O","Medium","Aruna Chidambaram","Adrita","Nick",,"No","CDL Bandwidth",,,,,,,,,,,,,,,,,,,,,,,,,,,,,,,,,,,,,,,,,,,,,,,,,,,,,,,,,,,,,,,,,,"26DSCM0815"
"SCM","Maintenance","Maintenance","Optionally report manual resources in My Maintenance Work","devina.r.raithatha@oracle.com","11.13.26.10.0","New","Ready","Setup Required",,"1XBQR6E","https://apex.oraclecorp.com/pls/apex/f?p=22472:3:114174595139017:::3:P3_FEATURE_ID:1XBQR6E",,"Aruna Chidambaram","Adrita","Omkar","Acquire to Retire","TBD","Not yet in readiness to be explored after readiness is updated",,,,,,,,"10/14/2026",,,,"Data","NF not in Readiness documentation yet","Self","Dropped ( Env does not support)",,,,,,,,,,,,,,,,,,,,,,,,,,,,,,,,,,,,,,,,,,,,,,,,,,,"26DSCM0816"
"SCM","Advanced Inventory Management","Advanced Inventory Management","Pack a single receiving line into multiple LPNs simultaneously","jared.lang@oracle.com","11.13.26.10.0","Ready","Published","Visual Builder","Redwood Platform","1V6ECPG","https://apex.oraclecorp.com/pls/apex/f?p=22472:3:114174595139017:::3:P3_FEATURE_ID:1V6ECPG","Medium","Aruna Chidambaram","Adrita","Kirthika","Logistics Operations to Optimization","Yes",,"Yes","Yes","1Z0-1073-26: Oracle Inventory Cloud 2026 Implementation Professional","Oracle Inventory Cloud 2026 Implementation Professional (1D0-1073-26-D)","Oracle Fusion Cloud SCM: Supply Chain Management Foundation","Become a Certified Inventory Implementer","Yes","10/28/2026","Single NF",,,,,,,,,,,,,,,,,,,,,,,,,,,,,,,,,,,,,,,,,,,,,,,,,,,,,,,,,"26DSCM0817"
"SCM","Maintenance","Maintenance","Perform additional actions in the new Redwood Asset Details page","ann.scullion@oracle.com","11.13.26.10.0","Ready","Published","Ready to use, small scale","Redwood Platform","1KUDFX1","https://apex.oraclecorp.com/pls/apex/f?p=22472:3:114174595139017:::3:P3_FEATURE_ID:1KUDFX1",,"Aruna Chidambaram","Adrita","Omkar",,"No","Minor feature with improved Redwood usability",,,,,,,,,,,,,,,,,,,,,,,,,,,,,,,,,,,,,,,,,,,,,,,,,,,,,,,,,,,,,,,,,,"26DSCM0818"
"SCM","Maintenance","Maintenance","Perform additional actions in the new Redwood Asset Hierarchy page","devina.r.raithatha@oracle.com","11.13.26.10.0","New","Published","Ready to use, small scale","Redwood Platform","1U8DME0","https://apex.oraclecorp.com/pls/apex/f?p=22472:3:114174595139017:::3:P3_FEATURE_ID:1U8DME0",,"Aruna Chidambaram","Adrita","Omkar",,"No","Minor feature with improved Redwood usability",,,,,,,,,,,,,,,,,,,,,,,,,,,,,,,,,,,,,,,,,,,,,,,,,,,,,,,,,,,,,,,,,,"26DSCM0819"
"SCM","Inventory Management","Inventory Management","Perform item translate for lot control items","jared.lang@oracle.com","11.13.26.10.0","Ready","Published","Ready to use, small scale with prerequisite","Redwood Platform","1KT3NAM","https://apex.oraclecorp.com/pls/apex/f?p=22472:3:114174595139017:::3:P3_FEATURE_ID:1KT3NAM","Medium","Aruna Chidambaram","Adrita","Kirthika","Logistics Operations to Optimization","Yes",,"Yes","Yes","1Z0-1073-26: Oracle Inventory Cloud 2026 Implementation Professional","Oracle Inventory Cloud 2026 Implementation Professional (1D0-1073-26-D)","Oracle Fusion Cloud SCM: Supply Chain Management Foundation","Become a Certified Inventory Implementer","Yes","10/19/2026","Combined Primary NF","Lot management enhacements in 26D",,,,,,,,,,,,,,,,,,,,,,,,,,,,,,,,,,,,,,,,,,,,,,,,,,,,,,,,"26DSCM0820"
"SCM","Inventory Management","Inventory Management","Perform scheduled cycle counts for locator controlled subinventories on a mobile device using an optimized flow","jared.lang@oracle.com","11.13.26.10.0","Ready","Published","Visual Builder",,"1EXN131","https://apex.oraclecorp.com/pls/apex/f?p=22472:3:114174595139017:::3:P3_FEATURE_ID:1EXN131","Medium","Aruna Chidambaram","Adrita","Kirthika",,"Yes",,"Yes","Yes","1Z0-1073-26: Oracle Inventory Cloud 2026 Implementation Professional","Oracle Inventory Cloud 2026 Implementation Professional (1D0-1073-26-D)","Oracle Fusion Cloud SCM: Supply Chain Management Foundation","Become a Certified Inventory Implementer","Yes","10/26/2026","Combined Primary NF","Inventory Accuracy Enhancements in 26D",,,,,,,,,,,,,,,,,,,,,,,,,,,,,,,,,,,,,,,,,,,,,,,,,,,,,,,,"26DSCM0821"
"SCM","Inventory Management","Cost Management","Preserve inventory cost and lot traceability during item conversion","pramod.deshmane@oracle.com","11.13.26.10.0","Ready","Published","Ready to use, small scale with prerequisite",,"1KDSRQG","https://apex.oraclecorp.com/pls/apex/f?p=22472:3:114174595139017:::3:P3_FEATURE_ID:1KDSRQG",,"Aruna Chidambaram","Adrita","Omkar",,"Yes",,"Yes","Yes","1074-25: Oracle Cost Management Cloud 2025 Implementation Professional","1074-25: Oracle Cost Management Cloud 2025 Implementation Professional","Cost Management",,,"10/12/2026",,,,,,,,,,,,,,,,,,,,,,,,,,,,,,,,,,,,,,,,,,,,,,,,,,,,,,,,,,"26DSCM0822"
"SCM","Order Management","Pricing","Price Administration Assistant Enhancements for Promotions and Discounts","vivian.y.lee@oracle.com","11.13.26.10.0","Ready","New",,"AI agent","1RTKAZM","https://apex.oraclecorp.com/pls/apex/f?p=22472:3:114174595139017:::3:P3_FEATURE_ID:1RTKAZM","High","Aruna Chidambaram","Adrita","Farrell",,,,,,,,,,,,,,,,,,,,,,,,,,,,,,,,,,,,,,,,,,,,,,,,,,,,,,,,,,,,,,,,,,,,,"26DSCM0823"
"SCM","Order Management","Pricing","Price bundles with coverages and subscriptions","vivian.y.lee@oracle.com","11.13.26.10.0","Ready","Published","Setup Required",,"1MBWGEZ","https://apex.oraclecorp.com/pls/apex/f?p=22472:3:114174595139017:::3:P3_FEATURE_ID:1MBWGEZ",,"Aruna Chidambaram","Adrita","Farrell",,,,,,,,,,,,,,,,,,,,,,,,,,,,,,,,,,,,,,,,,,,,,,,,,,,,,,,,,,,,,,,,,,,,,"26DSCM0824"
"SCM","Inventory Management","Cost Management","Process standard cost transactions despite unresolved negative inventory","pramod.deshmane@oracle.com","11.13.26.10.0","Ready","Published","Ready to use, small scale",,"1SZJOP7","https://apex.oraclecorp.com/pls/apex/f?p=22472:3:114174595139017:::3:P3_FEATURE_ID:1SZJOP7","Medium","Aruna Chidambaram","Adrita","Omkar",,"No","Minor update for corner case transactions",,,,,,,,,,,,,,,,,,,,,,,,,,,,,,,,,,,,,,,,,,,,,,,,,,,,,,,,,,,,,,,,,,"26DSCM0825"
"SCM","Manufacturing","Manufacturing","Product Genealogy Workspace","elaine.wan@oracle.com","11.13.26.10.0","Ready","New",,"Agentic app","1YOGFEM","https://apex.oraclecorp.com/pls/apex/f?p=22472:3:114174595139017:::3:P3_FEATURE_ID:1YOGFEM","High","Aruna Chidambaram","Adrita","David Nelson",,,,,,,,,,,,,,,,,,,,,,,,,,,,,,,,,,,,,,,,,,,,,,,,,,,,,,,,,,,,,,,,,,,,,"26DSCM0826"
"SCM","Order Management","Pricing","Product Lifecycle Pricing Advisor","vivian.y.lee@oracle.com","11.13.26.10.0","Ready","New",,"Agentic app,AI agent","1JT0OLL","https://apex.oraclecorp.com/pls/apex/f?p=22472:3:114174595139017:::3:P3_FEATURE_ID:1JT0OLL",,"Aruna Chidambaram","Adrita","Farrell",,,,,,,,,,,,,,,,,,,,,,,,,,,,,,,,,,,,,,,,,,,,,,,,,,,,,,,,,,,,,,,,,,,,,"26DSCM0827"
"SCM","Product Lifecycle Management","Product Management","Product Readiness Workspace - BOM risk and grading analyzer","kathy.antoun@oracle.com","11.13.26.10.0","In Review","New",,"Agentic app",,,,"Aruna Chidambaram","Adrita","Kirthika",,"Yes","To be picked when 26D D02 is available","Yes","Yes","1Z0-1078-26: Oracle Product Lifecycle Management 2026 Implementation Professional","Oracle Product Lifecycle Management 2026 Implementation Professional (1D0-1078-26-D)","Oracle SCM Cloud: Product Management Implementation","Become a Certified Product Lifecycle Management Implementer","Yes",,"Single NF",,,,,,,,,,,,,,,,,,,,,,,,,,,,,,,,,,,,,,,,,,,,,,,,,,,,,,,,,"26DSCM0828"
"SCM","Manufacturing","Manufacturing","Propagate descriptive flexfields from work definitions to work orders","elaine.wan@oracle.com","11.13.26.10.0","Ready","Published","Setup Required",,"1B46KGF","https://apex.oraclecorp.com/pls/apex/f?p=22472:3:114174595139017:::3:P3_FEATURE_ID:1B46KGF",,"Aruna Chidambaram","Adrita","David Nelson",,,,,,,,,,,,,,,,,,,,,,,,,,,,,,,,,,,,,,,,,,,,,,,,,,,,,,,,,,,,,,,,,,,,,"26DSCM0829"
"SCM","Quality Management","Quality Inspection Management","Quality Assurance Workspace","elaine.wan@oracle.com","11.13.26.10.0","Ready","Ready","Ready to use, larger scale","Agentic app","16V9THU","https://apex.oraclecorp.com/pls/apex/f?p=22472:3:114174595139017:::3:P3_FEATURE_ID:16V9THU",,"Aruna Chidambaram","Adrita","David Nelson",,,,,,,,,,,,,,,,,,,,,,,,,,,,,,,,,,,,,,,,,,,,,,,,,,,,,,,,,,,,,,,,,,,,,"26DSCM0830"
"SCM","Collaboration Messaging","Collaboration Messaging","Receive a renewal quote from Oracle Subscription Management","patricia.zapata@oracle.com","11.13.26.10.0","Ready","Published","Setup Required","Redwood Platform","1JU2K3U","https://apex.oraclecorp.com/pls/apex/f?p=22472:3:114174595139017:::3:P3_FEATURE_ID:1JU2K3U",,"Aruna Chidambaram","Adrita","Nick",,"No","CDL Bandwidth",,,,,,,,,,,,,,,,,,,,,,,,,,,,,,,,,,,,,,,,,,,,,,,,,,,,,,,,,,,,,,,,,,"26DSCM0831"
"SCM","Collaboration Messaging","Collaboration Messaging","Receive a sales contract from Oracle CPQ","patricia.zapata@oracle.com","11.13.26.10.0","Ready","Published","Setup Required","Redwood Platform","1M8KCOD","https://apex.oraclecorp.com/pls/apex/f?p=22472:3:114174595139017:::3:P3_FEATURE_ID:1M8KCOD",,"Aruna Chidambaram","Adrita","Nick",,"Yes",,,,,,,,,,,,,,,,,,,,,,,,,,,,,,,,,,,,,,,,,,,,,,,,,,,,,,,,,,,,,,,,,,,"26DSCM0832"
"SCM","Collaboration Messaging","Collaboration Messaging","Receive Brazil electronic fiscal invoices for services and utilities","patricia.zapata@oracle.com","11.13.26.10.0","Ready","Published","Setup Required","Redwood Platform","1B6TXXT","https://apex.oraclecorp.com/pls/apex/f?p=22472:3:114174595139017:::3:P3_FEATURE_ID:1B6TXXT",,"Aruna Chidambaram","Adrita","Nick",,"No","CDL Bandwidth",,,,,,,,,,,,,,,,,,,,,,,,,,,,,,,,,,,,,,,,,,,,,,,,,,,,,,,,,,,,,,,,,,"26DSCM0833"
"SCM","Inventory Management","Receiving","Receive goods using a mobile device using an optimized flow","jared.lang@oracle.com","11.13.26.10.0","Ready","Published","Setup Required","Redwood Platform","1DV0MAP","https://apex.oraclecorp.com/pls/apex/f?p=22472:3:114174595139017:::3:P3_FEATURE_ID:1DV0MAP","Medium","Aruna Chidambaram","Adrita","Kirthika","Logistics Operations to Optimization","Yes",,"Yes","Yes","1Z0-1073-26: Oracle Inventory Cloud 2026 Implementation Professional","Oracle Inventory Cloud 2026 Implementation Professional (1D0-1073-26-D)","Oracle Fusion Cloud SCM: Supply Chain Management Foundation","Become a Certified Inventory Implementer","Yes","10/14/2026","Combined Primary NF","Receiving enhancements in 26D",,,,,,,,,,,,,,,,,,,,,,,,,,,,,,,,,,,,,,,,,,,,,,,,,,,,,,,,"26DSCM0834"
"SCM","Maintenance","Service Logistics","Receive purchase orders in field service Receive Part UI","ann.scullion@oracle.com","11.13.26.10.0","Ready","Published","Setup Required","Redwood Platform","1WOMRBS","https://apex.oraclecorp.com/pls/apex/f?p=22472:3:114174595139017:::3:P3_FEATURE_ID:1WOMRBS",,"Aruna Chidambaram","Adrita","Omkar",,"Yes",,"Yes","No",,,,,,"10/9/2026",,,,,,,,,,,,,,,,,,,,,,,,,,,,,,,,,,,,,,,,,,,,,,,,,,,,,,,,,,"26DSCM0835"
"SCM","Order Management","Order Management","Recommended Product Configurations","danielle.m.hafdal@oracle.com","11.13.26.10.0","Ready","New",,,"112X9JC","https://apex.oraclecorp.com/pls/apex/f?p=22472:3:114174595139017:::3:P3_FEATURE_ID:112X9JC",,"Aruna Chidambaram","Adrita","Farrell",,,,,,,,,,,,,,,,,,,,,,,,,,,,,,,,,,,,,,,,,,,,,,,,,,,,,,,,,,,,,,,,,,,,,"26DSCM0836"
"SCM","Manufacturing","Process Manufacturing","Record dispensed material quantities using connected equipment","elaine.wan@oracle.com","11.13.26.10.0","Ready","Published","Setup Required","Redwood Platform","1GUUA7Y","https://apex.oraclecorp.com/pls/apex/f?p=22472:3:114174595139017:::3:P3_FEATURE_ID:1GUUA7Y",,"Aruna Chidambaram","Adrita","David Nelson",,,,,,,,,,,,,,,,,,,,,,,,,,,,,,,,,,,,,,,,,,,,,,,,,,,,,,,,,,,,,,,,,,,,,"26DSCM0837"
"SCM","Demand Management","Demand Management","Recover deleted demand plans","srinivas.bulusu@oracle.com","11.13.26.10.0","Ready","Published","Ready to use, small scale with prerequisite","Redwood Platform","1IGR2HW","https://apex.oraclecorp.com/pls/apex/f?p=22472:3:114174595139017:::3:P3_FEATURE_ID:1IGR2HW",,"Aruna Chidambaram","Adrita","Nick",,"No","CDL Bandwidth",,,,,,,,,,,,,,,,,,,,,,,,,,,,,,,,,,,,,,,,,,,,,,,,,,,,,,,,,,,,,,,,,,"26DSCM0838"
"SCM","Order Management","Channel Revenue Management","Reopen settlement pending supplier claims when payables invoices are canceled","shankar.bharadwaj@oracle.com","11.13.26.10.0","Ready","Published","Opt In plus Setup",,"1320626","https://apex.oraclecorp.com/pls/apex/f?p=22472:3:114174595139017:::3:P3_FEATURE_ID:1320626",,"Aruna Chidambaram","Adrita","Farrell",,,,,,,,,,,,,,,,,,,,,,,,,,,,,,,,,,,,,,,,,,,,,,,,,,,,,,,,,,,,,,,,,,,,,"26DSCM0839"
"SCM","Supply Planning","Supply Planning","Respect expiration dates of specific on-hand quantities in material reservations","srinivas.bulusu@oracle.com","11.13.26.10.0","Ready","Published","Ready to use, small scale with prerequisite","Redwood Platform","10BSJ0A","https://apex.oraclecorp.com/pls/apex/f?p=22472:3:114174595139017:::3:P3_FEATURE_ID:10BSJ0A",,"Aruna Chidambaram","Adrita","Nick",,"No","CDL Bandwidth",,,,,,,,,,,,,,,,,,,,,,,,,,,,,,,,,,,,,,,,,,,,,,,,,,,,,,,,,,,,,,,,,,"26DSCM0840"
"SCM","Supply Planning","Backlog Management","Respect expiration dates of specific on-hand quantities in material reservations","srinivas.bulusu@oracle.com","11.13.26.10.0","Ready","Published","Opt In","Redwood Platform",,,,"Aruna Chidambaram","Adrita","Nick",,"No","CDL Bandwidth",,,,,,,,,,,,,,,,,,,,,,,,,,,,,,,,,,,,,,,,,,,,,,,,,,,,,,,,,,,,,,,,,,"26DSCM0841"
"SCM","Supply Planning","Backlog Management","Respect minimum remaining shelf life material constraints in Backlog Management","srinivas.bulusu@oracle.com","11.13.26.10.0","Ready","Published","Opt In","Redwood Platform","14YLMK7","https://apex.oraclecorp.com/pls/apex/f?p=22472:3:114174595139017:::3:P3_FEATURE_ID:14YLMK7","High","Aruna Chidambaram","Adrita","Nick",,"No","CDL Bandwidth",,,,,,,,,,,,,,,,,,,,,,,,,,,,,,,,,,,,,,,,,,,,,,,,,,,,,,,,,,,,,,,,,,"26DSCM0842"
"SCM","Order Management","Global Order Promising","Respect minimum remaining shelf life material constraints in Order Promising","srinivas.bulusu@oracle.com","11.13.26.10.0","Ready","Published","Opt In plus Setup","Redwood Platform","1SNZCBF","https://apex.oraclecorp.com/pls/apex/f?p=22472:3:114174595139017:::3:P3_FEATURE_ID:1SNZCBF","High","Aruna Chidambaram","Adrita","Farrell",,,,,,,,,,,,,,,,,,,,,,,,,,,,,,,,,,,,,,,,,,,,,,,,,,,,,,,,,,,,,,,,,,,,,"26DSCM0843"
"SCM","Supply Planning","Supply Planning","Respect minimum remaining shelf life material constraints in Supply Planning","srinivas.bulusu@oracle.com","11.13.26.10.0","Ready","Published","Opt In plus Setup","Redwood Platform","1JBD7KD","https://apex.oraclecorp.com/pls/apex/f?p=22472:3:114174595139017:::3:P3_FEATURE_ID:1JBD7KD","High","Aruna Chidambaram","Adrita","Nick",,"No","CDL Bandwidth",,,,,,,,,,,,,,,,,,,,,,,,,,,,,,,,,,,,,,,,,,,,,,,,,,,,,,,,,,,,,,,,,,"26DSCM0844"
"SCM","Manufacturing","Process Manufacturing","Restrict cancellations for batches with ingredient, resource, or operation transactions","elaine.wan@oracle.com","11.13.26.10.0","Ready","Published","Setup Required","Redwood Platform","19OQ6NU","https://apex.oraclecorp.com/pls/apex/f?p=22472:3:114174595139017:::3:P3_FEATURE_ID:19OQ6NU",,"Aruna Chidambaram","Adrita","David Nelson",,,,,,,,,,,,,,,,,,,,,,,,,,,,,,,,,,,,,,,,,,,,,,,,,,,,,,,,,,,,,,,,,,,,,"26DSCM0845"
"SCM","Manufacturing","Discrete Manufacturing","Restrict cancellations for work orders with material, resource, or operation transactions","elaine.wan@oracle.com","11.13.26.10.0","Ready","Published","Setup Required","Redwood Platform","1HEOSYX","https://apex.oraclecorp.com/pls/apex/f?p=22472:3:114174595139017:::3:P3_FEATURE_ID:1HEOSYX",,"Aruna Chidambaram","Adrita","David Nelson",,,,,,,,,,,,,,,,,,,,,,,,,,,,,,,,,,,,,,,,,,,,,,,,,,,,,,,,,,,,,,,,,,,,,"26DSCM0846"
"SCM","Inventory Management","Cost Management","Review costing transactions and distributions with enhanced search and filters","pramod.deshmane@oracle.com","11.13.26.10.0","Ready","Published","Ready to use, small scale","Redwood Platform","14J5C9B","https://apex.oraclecorp.com/pls/apex/f?p=22472:3:114174595139017:::3:P3_FEATURE_ID:14J5C9B",,"Aruna Chidambaram","Adrita","Omkar",,"No","Minor auto enabled Redwood usability update",,,,,,,,,,,,,,,,,,,,,,,,,,,,,,,,,,,,,,,,,,,,,,,,,,,,,,,,,,,,,,,,,,"26DSCM0847"
"SCM","Manufacturing","Process Manufacturing","Review redlined changes in electronic signature enabled recipes","elaine.wan@oracle.com","11.13.26.10.0","Ready","Published","Setup Required","Redwood Platform","1SVJHQO","https://apex.oraclecorp.com/pls/apex/f?p=22472:3:114174595139017:::3:P3_FEATURE_ID:1SVJHQO",,"Aruna Chidambaram","Adrita","David Nelson",,,,,,,,,,,,,,,,,,,,,,,,,,,,,,,,,,,,,,,,,,,,,,,,,,,,,,,,,,,,,,,,,,,,,"26DSCM0848"
"SCM","Manufacturing","Discrete Manufacturing","Review redlined changes in electronic signature enabled work definitions","elaine.wan@oracle.com","11.13.26.10.0","Ready","Published","Opt In","Redwood Platform","1I5Y2KD","https://apex.oraclecorp.com/pls/apex/f?p=22472:3:114174595139017:::3:P3_FEATURE_ID:1I5Y2KD",,"Aruna Chidambaram","Adrita","David Nelson",,,,,,,,,,,,,,,,,,,,,,,,,,,,,,,,,,,,,,,,,,,,,,,,,,,,,,,,,,,,,,,,,,,,,"26DSCM0849"
"SCM","Supply Chain Orchestration","Supply Chain Orchestration","Route inventory min-max planning and PAR replenishment purchase requests through procurement approval workflow","venkataramana.malluri@oracle.com","11.13.26.10.0","Ready","Published","Setup Required",,"15JXYPB","https://apex.oraclecorp.com/pls/apex/f?p=22472:3:114174595139017:::3:P3_FEATURE_ID:15JXYPB",,"Aruna Chidambaram","Adrita","Nick",,"No","CDL Bandwidth",,,,,,,,,,,,,,,,,,,,,,,,,,,,,,,,,,,,,,,,,,,,,,,,,,,,,,,,,,,,,,,,,,"26DSCM0850"
"SCM","Inventory Management","Inventory Management","Route min-max created purchase requisitions for approval automatically","jared.lang@oracle.com","11.13.26.10.0","Ready","Published","Setup Required",,"1GG0H7N","https://apex.oraclecorp.com/pls/apex/f?p=22472:3:114174595139017:::3:P3_FEATURE_ID:1GG0H7N",,"Aruna Chidambaram","Adrita","Kirthika",,"Yes",,"Yes","Yes","1Z0-1073-26: Oracle Inventory Cloud 2026 Implementation Professional","Oracle Inventory Cloud 2026 Implementation Professional (1D0-1073-26-D)","Oracle Fusion Cloud SCM: Supply Chain Management Foundation","Become a Certified Inventory Implementer","Yes","10/22/2026","Combined Bundled NF","Inventory Replenishment Enhancements in 26D",,,,,,,,,,,,,,,,,,,,,,,,,,,,,,,,,,,,,,,,,,,,,,,,,,,,,,,,"26DSCM0851"
"SCM","Order Management","Order Management","Sales Order Command Center","amit.s.ambekar@oracle.com","11.13.26.10.0","Ready","New",,"Agentic app","1ZOR6C3","https://apex.oraclecorp.com/pls/apex/f?p=22472:3:114174595139017:::3:P3_FEATURE_ID:1ZOR6C3","High","Aruna Chidambaram","Adrita","Farrell",,,,,,,,,,,,,,,,,,,,,,,,,,,,,,,,,,,,,,,,,,,,,,,,,,,,,,,,,,,,,,,,,,,,,"26DSCM0852"
"SCM","Inventory Management","Inventory Management","Scan a label with item, subinventory, and locator once to populate all fields on a mobile device","jared.lang@oracle.com","11.13.26.10.0","Ready","Published","Ready to use, small scale with prerequisite",,"1OURHCW","https://apex.oraclecorp.com/pls/apex/f?p=22472:3:114174595139017:::3:P3_FEATURE_ID:1OURHCW","Medium","Aruna Chidambaram","Adrita","Kirthika",,"No","Integration based",,,,,,,,,,"Inventory Replenishment Enhancements in 26D",,,,,,,,,,,,,,,,,,,,,,,,,,,,,,,,,,,,,,,,,,,,,,,,,,,,,,,,"26DSCM0853"
"SCM","Manufacturing","Manufacturing","Scan barcodes and QR codes with multiple fields","elaine.wan@oracle.com","11.13.26.10.0","Ready","Published","Setup Required","Redwood Platform","13ZZCGA","https://apex.oraclecorp.com/pls/apex/f?p=22472:3:114174595139017:::3:P3_FEATURE_ID:13ZZCGA",,"Aruna Chidambaram","Adrita","David Nelson",,,,,,,,,,,,,,,,,,,,,,,,,,,,,,,,,,,,,,,,,,,,,,,,,,,,,,,,,,,,,,,,,,,,,"26DSCM0854"
"SCM","Inventory Management","Inventory Management","Select more rows during physical inventory count approval actions","jared.lang@oracle.com","11.13.26.10.0","Ready","Published","Setup Required","Redwood Platform","1IHPQBQ","https://apex.oraclecorp.com/pls/apex/f?p=22472:3:114174595139017:::3:P3_FEATURE_ID:1IHPQBQ",,"Aruna Chidambaram","Adrita","Kirthika",,"Yes",,"No","No",,,,,"Yes","10/26/2026","Combined Bundled NF","Inventory Accuracy Enhancements in 26D",,,,,,,,,,,,,,,,,,,,,,,,,,,,,,,,,,,,,,,,,,,,,,,,,,,,,,,,"26DSCM0855"
"SCM","Product Lifecycle Management","Product Management","Selected Product Management bug fixes In this update","shruthi.bollamma@oracle.com","11.13.26.10.0","In Review","Published","Ready to use, small scale",,,,,"Aruna Chidambaram","Adrita","Kirthika",,"No","Bug Fixes",,,,,,,"Yes",,,,,,,,,,,,,,,,,,,,,,,,,,,,,,,,,,,,,,,,,,,,,,,,,,,,,,,,,,,"26DSCM0856"
"SCM","Supply Chain Orchestration","Supply Chain Orchestration","Selected Supply Chain Orchestration bug fixes in this update","pratyusha.manchalla@oracle.com","11.13.26.10.0","New","New","Ready to use, small scale",,,,,"Aruna Chidambaram","Adrita","Nick",,"No","CDL Bandwidth",,,,,,,,,,,,,,,,,,,,,,,,,,,,,,,,,,,,,,,,,,,,,,,,,,,,,,,,,,,,,,,,,,"26DSCM0857"
"SCM","SCM Common Components","SCM Common Components","Setup project-driven supply chain defaults using a new user experience","ann.scullion@oracle.com","11.13.26.10.0","In Review","Published","Setup Required","Redwood Platform","1JHM65N","https://apex.oraclecorp.com/pls/apex/f?p=22472:3:114174595139017:::3:P3_FEATURE_ID:1JHM65N",,"Aruna Chidambaram","Adrita","Nick",,"No","CDL Bandwidth",,,,,,,,,,,,,,,,,,,,,,,,,,,,,,,,,,,,,,,,,,,,,,,,,,,,,,,,,,,,,,,,,,"26DSCM0858"
"SCM","Supply Planning","Supply Planning","Shipment Load Planning Workspace","srinivas.bulusu@oracle.com","11.13.26.10.0","Ready","New",,"Agentic app","1FPNHFJ","https://apex.oraclecorp.com/pls/apex/f?p=22472:3:114174595139017:::3:P3_FEATURE_ID:1FPNHFJ","High","Aruna Chidambaram","Adrita","Nick","Plan to Produce","No","No release notes, does not appear complete in FDR",,,,,,,,,,,,,,,,,,,,,,,,,,,,,,,,,,,,,,,,,,,,,,,,,,,,,,,,,,,,,,,,,,"26DSCM0859"
"SCM","Demand Management","Demand Management","Simulate demand while tuning forecasts","srinivas.bulusu@oracle.com","11.13.26.10.0","Ready","Published","Setup Required","Redwood Platform","10QHCOG","https://apex.oraclecorp.com/pls/apex/f?p=22472:3:114174595139017:::3:P3_FEATURE_ID:10QHCOG",,"Aruna Chidambaram","Adrita","Nick","Plan to Produce","Yes",,,,,,,,,,,,,,,,,,,,,,,,,,,,,,,,,,,,,,,,,,,,,,,,,,,,,,,,,,,,,,,,,,,"26DSCM0860"
"SCM","SCM Common Components","SCM Common Components","Specify minimum shelf life controls for perishable items","srinivas.bulusu@oracle.com","11.13.26.10.0","Ready","Published","Opt In plus Setup","Redwood Platform","150R159","https://apex.oraclecorp.com/pls/apex/f?p=22472:3:114174595139017:::3:P3_FEATURE_ID:150R159","High","Aruna Chidambaram","Adrita","Nick",,"No","CDL Bandwidth",,,,,,,,,,,,,,,,,,,,,,,,,,,,,,,,,,,,,,,,,,,,,,,,,,,,,,,,,,,,,,,,,,"26DSCM0861"
"SCM","Demand Management","Replenishment Planning","Specify override values for policy parameters and target values in decimals","srinivas.bulusu@oracle.com","11.13.26.10.0","Ready","Published","Opt In plus Setup","Redwood Platform","1F91QO9","https://apex.oraclecorp.com/pls/apex/f?p=22472:3:114174595139017:::3:P3_FEATURE_ID:1F91QO9","Medium","Aruna Chidambaram","Adrita","Nick",,"No","CDL Bandwidth",,,,,,,,,,,,,,,,,,,,,,,,,,,,,,,,,,,,,,,,,,,,,,,,,,,,,,,,,,,,,,,,,,"26DSCM0862"
"SCM","Inventory Management","Receiving","Storage location assistant","jared.lang@oracle.com","11.13.26.10.0","Ready","Published","Visual Builder","AI agent","1LS23LF","https://apex.oraclecorp.com/pls/apex/f?p=22472:3:114174595139017:::3:P3_FEATURE_ID:1LS23LF","High","Aruna Chidambaram","Adrita","Kirthika",,"Yes","To be picked when 26D D02 is available","Yes","Yes","1Z0-1073-26: Oracle Inventory Cloud 2026 Implementation Professional","Oracle Inventory Cloud 2026 Implementation Professional (1D0-1073-26-D)","Oracle Fusion Cloud SCM: Supply Chain Management Foundation","Become a Certified Inventory Implementer","Yes",,"Single NF",,,,,,,,,,,,,,,,,,,,,,,,,,,,,,,,,,,,,,,,,,,,,,,,,,,,,,,,,"26DSCM0863"
"SCM","Supply Planning","Supply Planning","Supply Planning Allocation Workspace","srinivas.bulusu@oracle.com","11.13.26.10.0","Ready","New",,"Agentic app","18Q77PN","https://apex.oraclecorp.com/pls/apex/f?p=22472:3:114174595139017:::3:P3_FEATURE_ID:18Q77PN",,"Aruna Chidambaram","Adrita","Nick","Plan to Produce","No","No release notes as of Oct 7",,,,,,,,,,,,,,,,,,,,,,,,,,,,,,,,,,,,,,,,,,,,,,,,,,,,,,,,,,,,,,,,,,"26DSCM0864"
"SCM","Maintenance","Service Logistics","Support credit card payment method for parts orders","ann.scullion@oracle.com","11.13.26.10.0","Ready","Published","Setup Required","Redwood Platform","10135QW","https://apex.oraclecorp.com/pls/apex/f?p=22472:3:114174595139017:::3:P3_FEATURE_ID:10135QW",,"Aruna Chidambaram","Adrita","Omkar",,"Yes",,"Yes","No",,,,,,"10/9/2026",,,,,,,,,,,,,,,,,,,,,,,,,,,,,,,,,,,,,,,,,,,,,,,,,,,,,,,,,,"26DSCM0865"
"SCM","Maintenance","Service Logistics","Support destination warehouses in parts search","ann.scullion@oracle.com","11.13.26.10.0","Ready","Published","Setup Required","Redwood Platform","1ZQ4HL6","https://apex.oraclecorp.com/pls/apex/f?p=22472:3:114174595139017:::3:P3_FEATURE_ID:1ZQ4HL6","Medium","Aruna Chidambaram","Adrita","Omkar",,"TBD","Extensive setup required. To be attempted in instance","Yes","No",,,,,,"10/14/2026",,,,,,,,,,,,,,,,,,,,,,,,,,,,,,,,,,,,,,,,,,,,,,,,,,,,,,,,,,"26DSCM0866"
"SCM","SCM Common Components","SCM Common Components","Support for user-defined queries in data extracts","ann.scullion@oracle.com","11.13.26.10.0","In Review","Published","Opt In plus Setup","Redwood Platform","1FI2JEZ","https://apex.oraclecorp.com/pls/apex/f?p=22472:3:114174595139017:::3:P3_FEATURE_ID:1FI2JEZ",,"Aruna Chidambaram","Adrita","Nick",,"No","CDL Bandwidth",,,,,,,,,,,,,,,,,,,,,,,,,,,,,,,,,,,,,,,,,,,,,,,,,,,,,,,,,,,,,,,,,,"26DSCM0867"
"SCM","Supply Chain Orchestration","Supply Chain Orchestration","Support minimum remaining shelf life for back-to-back transfer and on hand flows","venkataramana.malluri@oracle.com","11.13.26.10.0","Ready","Published","Setup Required",,"1KLSKI2","https://apex.oraclecorp.com/pls/apex/f?p=22472:3:114174595139017:::3:P3_FEATURE_ID:1KLSKI2","High","Aruna Chidambaram","Adrita","Nick",,"No","CDL Bandwidth",,,,,,,,,,,,,,,,,,,,,,,,,,,,,,,,,,,,,,,,,,,,,,,,,,,,,,,,,,,,,,,,,,"26DSCM0868"
"SCM","Order Management","Order Management","TO-OM OutBound: Inventory to change Integration to stage Transfer Orders in OM interface table","pankaj.nayyar@oracle.com","11.13.26.10.0","Ready","In Review","Setup Required",,"1UYKP3T","https://apex.oraclecorp.com/pls/apex/f?p=22472:3:114174595139017:::3:P3_FEATURE_ID:1UYKP3T",,"Aruna Chidambaram","Adrita","Farrell",,,,,,,,,,,,,,,,,,,,,,,,,,,,,,,,,,,,,,,,,,,,,,,,,,,,,,,,,,,,,,,,,,,,,"26DSCM0869"
"SCM","Manufacturing","Smart Operations","Track work order execution time for individual operators","elaine.wan@oracle.com","11.13.26.10.0","Ready","Published","Opt In plus Setup","Redwood Platform","10SK558","https://apex.oraclecorp.com/pls/apex/f?p=22472:3:114174595139017:::3:P3_FEATURE_ID:10SK558","High","Aruna Chidambaram","Adrita","David Nelson",,,,,,,,,,,,,,,,,,,,,,,,,,,,,,,,,,,,,,,,,,,,,,,,,,,,,,,,,,,,,,,,,,,,,"26DSCM0870"
"SCM","Manufacturing","Process Manufacturing","Use additional filters to search for recipes","elaine.wan@oracle.com","11.13.26.10.0","Ready","Published","Ready to use, small scale with prerequisite","Redwood Platform","1036S7R","https://apex.oraclecorp.com/pls/apex/f?p=22472:3:114174595139017:::3:P3_FEATURE_ID:1036S7R",,"Aruna Chidambaram","Adrita","David Nelson",,,,,,,,,,,,,,,,,,,,,,,,,,,,,,,,,,,,,,,,,,,,,,,,,,,,,,,,,,,,,,,,,,,,,"26DSCM0871"
"SCM","Manufacturing","Discrete Manufacturing","Use additional filters to search for work definitions","elaine.wan@oracle.com","11.13.26.10.0","Ready","Published","Ready to use, small scale with prerequisite","Redwood Platform","1PYVMNX","https://apex.oraclecorp.com/pls/apex/f?p=22472:3:114174595139017:::3:P3_FEATURE_ID:1PYVMNX",,"Aruna Chidambaram","Adrita","David Nelson",,,,,,,,,,,,,,,,,,,,,,,,,,,,,,,,,,,,,,,,,,,,,,,,,,,,,,,,,,,,,,,,,,,,,"26DSCM0872"
"SCM","Order Management","Channel Revenue Management","Use additional transaction attributes as subledger accounting sources for customer channel accrual accounting rules","shankar.bharadwaj@oracle.com","11.13.26.10.0","Ready","Published","Opt In plus Setup",,"1VWI1KS","https://apex.oraclecorp.com/pls/apex/f?p=22472:3:114174595139017:::3:P3_FEATURE_ID:1VWI1KS",,"Aruna Chidambaram","Adrita","Farrell",,,,,,,,,,,,,,,,,,,,,,,,,,,,,,,,,,,,,,,,,,,,,,,,,,,,,,,,,,,,,,,,,,,,,"26DSCM0873"
"SCM","Maintenance","Maintenance","Use business rules and guided journey enhancements to configure Redwood pages","devina.r.raithatha@oracle.com","11.13.26.10.0","New","Published","Visual Builder","Redwood Platform","1IR5DH4","https://apex.oraclecorp.com/pls/apex/f?p=22472:3:114174595139017:::3:P3_FEATURE_ID:1IR5DH4",,"Aruna Chidambaram","Adrita","Omkar","Acquire to Retire","TBD","VBS business rules enhancement will require additional POCs","Yes","No",,,,,,"10/14/2026","Combined Bundled NF","26D Maintenance Features",,,,,,,,,,,,,,,,,,,,,,,,,,,,,,,,,,,,,,,,,,,,,,,,,,,,,,,,"26DSCM0874"
"SCM","Collaboration Messaging","Collaboration Messaging","Use Collaboration Messaging in Redwood experience with classic flows","patricia.zapata@oracle.com","11.13.26.10.0","Ready","Published","Setup Required","Redwood Platform","1OBP3AR","https://apex.oraclecorp.com/pls/apex/f?p=22472:3:114174595139017:::3:P3_FEATURE_ID:1OBP3AR",,"Aruna Chidambaram","Adrita","Nick",,"No","CDL Bandwidth",,,,,,,,,,,,,,,,,,,,,,,,,,,,,,,,,,,,,,,,,,,,,,,,,,,,,,,,,,,,,,,,,,"26DSCM0875"
"SCM","Product Lifecycle Management","Product Management","Use comprehensive business events for workflow status transitions","kathy.antoun@oracle.com","11.13.26.10.0","Ready","Published","Ready to use, small scale",,"18PX8YV","https://apex.oraclecorp.com/pls/apex/f?p=22472:3:114174595139017:::3:P3_FEATURE_ID:18PX8YV",,"Aruna Chidambaram","Adrita","Kirthika",,"No","Integration based",,,,,,,"Yes",,,,,,,,,,,,,,,,,,,,,,,,,,,,,,,,,,,,,,,,,,,,,,,,,,,,,,,,,,,"26DSCM0876"
"SCM","Order Management","Channel Revenue Management","Use customer group qualifiers in customer program eligibility rules","shankar.bharadwaj@oracle.com","11.13.26.10.0","Ready","Published","Opt In plus Setup",,"16W3MJ3","https://apex.oraclecorp.com/pls/apex/f?p=22472:3:114174595139017:::3:P3_FEATURE_ID:16W3MJ3",,"Aruna Chidambaram","Adrita","Farrell",,,,,,,,,,,,,,,,,,,,,,,,,,,,,,,,,,,,,,,,,,,,,,,,,,,,,,,,,,,,,,,,,,,,,"26DSCM0877"
"SCM","Inventory Management","Inventory Management","Use dynamic locator creation","jared.lang@oracle.com","11.13.26.10.0","Ready","Published","Ready to use, small scale with prerequisite",,"15K7743","https://apex.oraclecorp.com/pls/apex/f?p=22472:3:114174595139017:::3:P3_FEATURE_ID:15K7743",,"Aruna Chidambaram","Adrita","Kirthika","Logistics Operations to Optimization","Yes",,"Yes","Yes","1Z0-1073-26: Oracle Inventory Cloud 2026 Implementation Professional","Oracle Inventory Cloud 2026 Implementation Professional (1D0-1073-26-D)","Oracle Fusion Cloud SCM: Supply Chain Management Foundation","Become a Certified Inventory Implementer","Yes","10/20/2026","Combined Primary NF","Inventory Transaction Enhancements in 26D",,,,,,,,,,,,,,,,,,,,,,,,,,,,,,,,,,,,,,,,,,,,,,,,,,,,,,,,"26DSCM0878"
"SCM","Quality Management","Quality Inspection Management","Use electronic signatures and electronic records when activating quality inspection characteristics","elaine.wan@oracle.com","11.13.26.10.0","Ready","Published","Setup Required","Redwood Platform","1IKNEJD","https://apex.oraclecorp.com/pls/apex/f?p=22472:3:114174595139017:::3:P3_FEATURE_ID:1IKNEJD",,"Aruna Chidambaram","Adrita","David Nelson",,,,,,,,,,,,,,,,,,,,,,,,,,,,,,,,,,,,,,,,,,,,,,,,,,,,,,,,,,,,,,,,,,,,,"26DSCM0879"
"SCM","Inventory Management","Inventory Management","Use grade and expiration date as on-hand attributes","jared.lang@oracle.com","11.13.26.10.0","Ready","New","Setup Required",,"18MWY8M","https://apex.oraclecorp.com/pls/apex/f?p=22472:3:114174595139017:::3:P3_FEATURE_ID:18MWY8M","High","Aruna Chidambaram","Adrita","Kirthika","Logistics Operations to Optimization","Yes",,"Yes","Yes","1Z0-1073-26: Oracle Inventory Cloud 2026 Implementation Professional","Oracle Inventory Cloud 2026 Implementation Professional (1D0-1073-26-D)","Oracle Fusion Cloud SCM: Supply Chain Management Foundation","Become a Certified Inventory Implementer","Yes","10/14/2026","Single NF",,,,,,,,,,,,,,,,,,,,,,,,,,,,,,,,,,,,,,,,,,,,,,,,,,,,,,,,,"26DSCM0880"
"SCM","Product Lifecycle Management","Product Management","Use import batches","kathy.antoun@oracle.com","11.13.26.10.0","Ready","Published","Setup Required","Redwood Platform","1XPYZIA","https://apex.oraclecorp.com/pls/apex/f?p=22472:3:114174595139017:::3:P3_FEATURE_ID:1XPYZIA","High","Aruna Chidambaram","Adrita","Kirthika","Idea to Commercialization","Yes",,"Yes","Yes","1Z0-1078-26: Oracle Product Lifecycle Management 2026 Implementation Professional","Oracle Product Lifecycle Management 2026 Implementation Professional (1D0-1078-26-D)","Oracle SCM Cloud: Product Management Implementation","Become a Certified Product Lifecycle Management Implementer","Yes","10/12/2026","Single NF",,,,,,,,,,,,,,,,,,,,,,,,,,,,,,,,,,,,,,,,,,,,,,,,,,,,,,,,,"26DSCM0881"
"SCM","Inventory Management","Inventory Management","Use improved integration for transfer orders routed through Order Management","jared.lang@oracle.com","11.13.26.10.0","Ready","Published","Opt In plus Setup",,"1P85EPK","https://apex.oraclecorp.com/pls/apex/f?p=22472:3:114174595139017:::3:P3_FEATURE_ID:1P85EPK",,"Aruna Chidambaram","Adrita","Kirthika","Logistics Operations to Optimization","Yes",,"No","No",,,,,"Yes","10/20/2026","Combined Bundled NF","Inventory Transaction Enhancements in 26D",,,,,,,,,,,,,,,,,,,,,,,,,,,,,,,,,,,,,,,,,,,,,,,,,,,,,,,,"26DSCM0882"
"SCM","Inventory Management","Inventory Management","Use improved item search","jared.lang@oracle.com","11.13.26.10.0","Ready","Published","Setup Required","Redwood Platform","1Q262WC","https://apex.oraclecorp.com/pls/apex/f?p=22472:3:114174595139017:::3:P3_FEATURE_ID:1Q262WC","Low","Aruna Chidambaram","Adrita","Kirthika",,"Yes",,"No","No",,,,,"Yes","10/13/2026","Combined Primary NF","Improved Search in 26D",,,,,,,,,,,,,,,,,,,,,,,,,,,,,,,,,,,,,,,,,,,,,,,,,,,,,,,,"26DSCM0883"
"SCM","Inventory Management","Inventory Management","Use improved search on Redwood pages for date and time","jared.lang@oracle.com","11.13.26.10.0","Ready","Published","Ready to use, small scale",,"1G3ONF3","https://apex.oraclecorp.com/pls/apex/f?p=22472:3:114174595139017:::3:P3_FEATURE_ID:1G3ONF3",,"Aruna Chidambaram","Adrita","Kirthika",,"Yes",,"No","No",,,,,"Yes","10/13/2026","Combined Bundled NF","Improved Search in 26D",,,,,,,,,,,,,,,,,,,,,,,,,,,,,,,,,,,,,,,,,,,,,,,,,,,,,,,,"26DSCM0884"
"SCM","Order Management","Channel Revenue Management","Use multiple exclusion conditions in customer program eligibility rules","shankar.bharadwaj@oracle.com","11.13.26.10.0","Ready","Published","Opt In plus Setup",,"1545Q2K","https://apex.oraclecorp.com/pls/apex/f?p=22472:3:114174595139017:::3:P3_FEATURE_ID:1545Q2K",,"Aruna Chidambaram","Adrita","Farrell",,,,,,,,,,,,,,,,,,,,,,,,,,,,,,,,,,,,,,,,,,,,,,,,,,,,,,,,,,,,,,,,,,,,,"26DSCM0885"
"SCM","Manufacturing","Smart Operations","Use OAuth authentication for your connected equipment integrations","elaine.wan@oracle.com","11.13.26.10.0","Ready","Published","Ready to use, small scale","Redwood Platform","1DOTP9D","https://apex.oraclecorp.com/pls/apex/f?p=22472:3:114174595139017:::3:P3_FEATURE_ID:1DOTP9D",,"Aruna Chidambaram","Adrita","David Nelson",,,,,,,,,,,,,,,,,,,,,,,,,,,,,,,,,,,,,,,,,,,,,,,,,,,,,,,,,,,,,,,,,,,,,"26DSCM0886"
"SCM","Manufacturing","Process Manufacturing","Use on-hand inventory by grade and expiration date in production batches","krishna.ghantasala@oracle.com","11.13.26.10.0","Ready","Published","Setup Required","Redwood Platform","1K14Z1R","https://apex.oraclecorp.com/pls/apex/f?p=22472:3:114174595139017:::3:P3_FEATURE_ID:1K14Z1R",,"Aruna Chidambaram","Adrita","David Nelson",,,,,,,,,,,,,,,,,,,,,,,,,,,,,,,,,,,,,,,,,,,,,,,,,,,,,,,,,,,,,,,,,,,,,"26DSCM0887"
"SCM","Manufacturing","Discrete Manufacturing","Use on-hand inventory by grade and expiration date in work orders","elaine.wan@oracle.com","11.13.26.10.0","Ready","Published","Setup Required","Redwood Platform","1UVWTTV","https://apex.oraclecorp.com/pls/apex/f?p=22472:3:114174595139017:::3:P3_FEATURE_ID:1UVWTTV",,"Aruna Chidambaram","Adrita","David Nelson",,,,,,,,,,,,,,,,,,,,,,,,,,,,,,,,,,,,,,,,,,,,,,,,,,,,,,,,,,,,,,,,,,,,,"26DSCM0888"
"SCM","Manufacturing","Smart Operations","Use operational parameters and enhanced execution capabilities when simultaneously executing multiple operations at a workstation","elaine.wan@oracle.com","11.13.26.10.0","Ready","Published","Setup Required","Redwood Platform","1A6KU89","https://apex.oraclecorp.com/pls/apex/f?p=22472:3:114174595139017:::3:P3_FEATURE_ID:1A6KU89",,"Aruna Chidambaram","Adrita","David Nelson",,,,,,,,,,,,,,,,,,,,,,,,,,,,,,,,,,,,,,,,,,,,,,,,,,,,,,,,,,,,,,,,,,,,,"26DSCM0889"
"SCM","Order Management","Pricing","Use Original Order's Extended Amounts for Referenced Returns","vivian.y.lee@oracle.com","11.13.26.10.0","Ready","New",,,"1W1YI5B","https://apex.oraclecorp.com/pls/apex/f?p=22472:3:114174595139017:::3:P3_FEATURE_ID:1W1YI5B",,"Aruna Chidambaram","Adrita","Farrell",,,,,,,,,,,,,,,,,,,,,,,,,,,,,,,,,,,,,,,,,,,,,,,,,,,,,,,,,,,,,,,,,,,,,"26DSCM0890"
"SCM","Sales and Operations Planning","Sales and Operations Planning","Use parent levels for plan items in plan options for category level plans","srinivas.bulusu@oracle.com","11.13.26.10.0","Ready","Published","Ready to use, small scale","Redwood Platform","1GI6AS8","https://apex.oraclecorp.com/pls/apex/f?p=22472:3:114174595139017:::3:P3_FEATURE_ID:1GI6AS8",,"Aruna Chidambaram","Adrita","Nick","Integrated Business Plan to Execution","Yes",,,,,,,,,,,,,,,,,,,,,,,,,,,,,,,,,,,,,,,,,,,,,,,,,,,,,,,,,,,,,,,,,,,"26DSCM0891"
"SCM","Inventory Management","Receiving","Use saved searches in the Redwood Self-Service Receiving application","jared.lang@oracle.com","11.13.26.10.0","Ready","Published","Visual Builder","Redwood Platform","1BFU1QO","https://apex.oraclecorp.com/pls/apex/f?p=22472:3:114174595139017:::3:P3_FEATURE_ID:1BFU1QO",,"Aruna Chidambaram","Adrita","Kirthika",,"Yes",,"No","No",,,,,"Yes","10/14/2026","Combined Bundled NF","Receiving enhancements in 26D",,,,,,,,,,,,,,,,,,,,,,,,,,,,,,,,,,,,,,,,,,,,,,,,,,,,,,,,"26DSCM0892"
"SCM","Manufacturing","Discrete Manufacturing","Use Takt-Time based scheduling for discrete production lines","elaine.wan@oracle.com","11.13.26.10.0","Ready","In Review","Setup Required","Redwood Platform","171EHJ7","https://apex.oraclecorp.com/pls/apex/f?p=22472:3:114174595139017:::3:P3_FEATURE_ID:171EHJ7",,"Aruna Chidambaram","Adrita","David Nelson",,,,,,,,,,,,,,,,,,,,,,,,,,,,,,,,,,,,,,,,,,,,,,,,,,,,,,,,,,,,,,,,,,,,,"26DSCM0893"
"SCM","Manufacturing","Manufacturing","Use the production line calendar to calculate performance metrics in Production Supervision","elaine.wan@oracle.com","11.13.26.10.0","Ready","Published","Ready to use, small scale with prerequisite","Redwood Platform","13RVMLS","https://apex.oraclecorp.com/pls/apex/f?p=22472:3:114174595139017:::3:P3_FEATURE_ID:13RVMLS",,"Aruna Chidambaram","Adrita","David Nelson",,,,,,,,,,,,,,,,,,,,,,,,,,,,,,,,,,,,,,,,,,,,,,,,,,,,,,,,,,,,,,,,,,,,,"26DSCM0894"
"SCM","Manufacturing","Process Manufacturing","Verify dispensing instructions using Electronic Records and Electronic Signatures","elaine.wan@oracle.com","11.13.26.10.0","Ready","Published","Setup Required","Redwood Platform","16F3ZA4","https://apex.oraclecorp.com/pls/apex/f?p=22472:3:114174595139017:::3:P3_FEATURE_ID:16F3ZA4",,"Aruna Chidambaram","Adrita","David Nelson",,,,,,,,,,,,,,,,,,,,,,,,,,,,,,,,,,,,,,,,,,,,,,,,,,,,,,,,,,,,,,,,,,,,,"26DSCM0895"
"SCM","Inventory Management","Inventory Management","View about this record details in Redwood pages","jared.lang@oracle.com","11.13.26.10.0","Ready","Published","Ready to use, small scale with prerequisite","Redwood Platform","1EC38WY","https://apex.oraclecorp.com/pls/apex/f?p=22472:3:114174595139017:::3:P3_FEATURE_ID:1EC38WY",,"Aruna Chidambaram","Adrita","Kirthika",,"Yes",,"No","No",,,,,"Yes","10/13/2026","Combined Bundled NF","Improved Search in 26D",,,,,,,,,,,,,,,,,,,,,,,,,,,,,,,,,,,,,,,,,,,,,,,,,,,,,,,,"26DSCM0896"
"SCM","Inventory Management","Inventory Management","View alternate unit of measure conversion quantities when recording cycle and physical counts","jared.lang@oracle.com","11.13.26.10.0","Ready","Published","Visual Builder",,,,,"Aruna Chidambaram","Adrita","Kirthika",,"Yes",,"Yes","Yes","1Z0-1073-26: Oracle Inventory Cloud 2026 Implementation Professional","Oracle Inventory Cloud 2026 Implementation Professional (1D0-1073-26-D)","Oracle Fusion Cloud SCM: Supply Chain Management Foundation","Become a Certified Inventory Implementer","Yes","10/27/2026","Combined Bundled NF","Inventory Accuracy Enhancements in 26D",,,,,,,,,,,,,,,,,,,,,,,,,,,,,,,,,,,,,,,,,,,,,,,,,,,,,,,,"26DSCM0897"
"SCM","Inventory Management","Inventory Management","View and capture additional lot attributes using a mobile device","jared.lang@oracle.com","11.13.26.10.0","Ready","Published","Visual Builder",,"1F431P6","https://apex.oraclecorp.com/pls/apex/f?p=22472:3:114174595139017:::3:P3_FEATURE_ID:1F431P6",,"Aruna Chidambaram","Adrita","Kirthika","Logistics Operations to Optimization","Yes",,"No","No",,,,,"Yes","10/19/2026","Combined Bundled NF","Lot management enhacements in 26D",,,,,,,,,,,,,,,,,,,,,,,,,,,,,,,,,,,,,,,,,,,,,,,,,,,,,,,,"26DSCM0898"
"SCM","Product Lifecycle Management","Product Management","View and manage advanced trading partner item relationships","kathy.antoun@oracle.com","11.13.26.10.0","Ready","Published","Opt In","Redwood Platform","1I3ERJ4","https://apex.oraclecorp.com/pls/apex/f?p=22472:3:114174595139017:::3:P3_FEATURE_ID:1I3ERJ4","High","Aruna Chidambaram","Adrita","Kirthika","Idea to Commercialization","Yes",,"Yes","No",,,"Oracle SCM Cloud: Product Management Implementation","Become a Certified Product Lifecycle Management Implementer","Yes","10/8/2026","Combined Primary NF","Item Structure Enhancements in 26D",,,,,,,,,,,,,,,,,,,,,,,,,,,,,,,,,,,,,,,,,,,,,,,,,,,,,,,,"26DSCM0899"
"SCM","Inventory Management","Inventory Management","View item description when capturing physical and cycle counts using a mobile device","jared.lang@oracle.com","11.13.26.10.0","Ready","Published","Ready to use, small scale",,"1I7KIY0","https://apex.oraclecorp.com/pls/apex/f?p=22472:3:114174595139017:::3:P3_FEATURE_ID:1I7KIY0",,"Aruna Chidambaram","Adrita","Kirthika",,"No","Additional fields self explanatory",,,,,,,,,,,,,,,,,,,,,,,,,,,,,,,,,,,,,,,,,,,,,,,,,,,,,,,,,,,,,,,,,,"26DSCM0900"
"SCM","Inventory Management","Inventory Management","View lot attributes in a table when recording lots","jared.lang@oracle.com","11.13.26.10.0","Ready","Published","Ready to use, small scale",,"1XHDAPI","https://apex.oraclecorp.com/pls/apex/f?p=22472:3:114174595139017:::3:P3_FEATURE_ID:1XHDAPI",,"Aruna Chidambaram","Adrita","Kirthika","Logistics Operations to Optimization","Yes",,"No","No",,,,,"Yes","10/19/2026","Combined Bundled NF","Lot management enhacements in 26D",,,,,,,,,,,,,,,,,,,,,,,,,,,,,,,,,,,,,,,,,,,,,,,,,,,,,,,,"26DSCM0901"
"SCM","Inventory Management","Inventory Management","View on-hand quantity during cycle count entry on a mobile device","jared.lang@oracle.com","11.13.26.10.0","Ready","Published","Ready to use, small scale",,"1E2UZF1","https://apex.oraclecorp.com/pls/apex/f?p=22472:3:114174595139017:::3:P3_FEATURE_ID:1E2UZF1",,"Aruna Chidambaram","Adrita","Kirthika",,"No","Additional fields self explanatory",,,,,,,,,,,,,,,,,,,,,,,,,,,,,,,,,,,,,,,,,,,,,,,,,,,,,,,,,,,,,,,,,,"26DSCM0902"
"SCM","Inventory Management","Inventory Management","View unreleased sales orders on the Item Shortages and Item Supply and Demand pages","jared.lang@oracle.com","11.13.26.10.0","Ready","Published","Ready to use, small scale",,"1R1B007","https://apex.oraclecorp.com/pls/apex/f?p=22472:3:114174595139017:::3:P3_FEATURE_ID:1R1B007",,"Aruna Chidambaram","Adrita","Kirthika",,"Yes",,"Yes","Yes","1Z0-1073-26: Oracle Inventory Cloud 2026 Implementation Professional","Oracle Inventory Cloud 2026 Implementation Professional (1D0-1073-26-D)","Oracle Fusion Cloud SCM: Supply Chain Management Foundation","Become a Certified Inventory Implementer","Yes","10/23/2026","Combined Bundled NF","Inventory Replenishment Enhancements in 26D",,,,,,,,,,,,,,,,,,,,,,,,,,,,,,,,,,,,,,,,,,,,,,,,,,,,,,,,"26DSCM0903"
"SCM","Product Lifecycle Management","Product Management","View user access analysis and configure catalog exclusion condition","kathy.antoun@oracle.com","11.13.26.10.0","Ready","Published","Setup Required","Redwood Platform","1C1EEFL","https://apex.oraclecorp.com/pls/apex/f?p=22472:3:114174595139017:::3:P3_FEATURE_ID:1C1EEFL",,"Aruna Chidambaram","Adrita","Kirthika","Idea to Commercialization","Yes",,"Yes","Yes","1Z0-1078-26: Oracle Product Lifecycle Management 2026 Implementation Professional","Oracle Product Lifecycle Management 2026 Implementation Professional (1D0-1078-26-D)","Oracle SCM Cloud: Product Management Implementation","Become a Certified Product Lifecycle Management Implementer","Yes","10/30/2026","Single NF",,,,,,,,,,,,,,,,,,,,,,,,,,,,,,,,,,,,,,,,,,,,,,,,,,,,,,,,,"26DSCM0904"
"SCM","Demand Management","Demand Management","Work with plans during demand simulation","srinivas.bulusu@oracle.com","11.13.26.10.0","Ready","Published","Ready to use, small scale","Redwood Platform","1MEQNSY","https://apex.oraclecorp.com/pls/apex/f?p=22472:3:114174595139017:::3:P3_FEATURE_ID:1MEQNSY","Medium","Aruna Chidambaram","Adrita","Nick",,"No","CDL Bandwidth",,,,,,,,,,,,,,,,,,,,,,,,,,,,,,,,,,,,,,,,,,,,,,,,,,,,,,,,,,,,,,,,,,"26DSCM0905"
"SCM","Order Management","Order Management","Order Management_unboxing","NA","11.13.26.10.0","NA","NA","Unboxing","NA","NA","NA","NA","Aruna Chidambaram","Adrita","Farrell",,,,,,,,,,,,,,,,,,,,,,,,,,,,,,,,,,,,,,,,,,,,,,,,,,,,,,,,,,,,,,,,,,,,,"26DSCM0906"
"SCM","Supply Planning","Supply Planning","Supply Planning_unboxing","NA","11.13.26.10.0","NA","NA","Unboxing","NA","NA","NA","NA","Aruna Chidambaram","Adrita","Nick","Plan to Produce","Yes",,,,,,,,,,,,,,,,,,,,,,,,,,,,,,,,,,,,,,,,,,,,,,,,,,,,,,,,,,,,,,,,,,,"26DSCM0907"
"SCM","Demand Management","Demand Management","Demand Management_unboxing","NA","11.13.26.10.0","NA","NA","Unboxing","NA","NA","NA","NA","Aruna Chidambaram","Adrita","Nick","Plan to Produce","Yes",,,,,,,,,,,,,,,,,,,,,,,,,,,,,,,,,,,,,,,,,,,,,,,,,,,,,,,,,,,,,,,,,,,"26DSCM0908"
"SCM","Maintenance","Maintenance","Maintenance_unboxing","NA","11.13.26.10.0","NA","NA","Unboxing","NA","NA","NA","NA","Aruna Chidambaram","Adrita","Omkar",,"Yes",,,,,,,,,"10/14/2026",,,,,,,,,"https://oracle.sharepoint.com/teams/OUCloudAppsCurriculumProductManagementAutomation/Content%20Files/26D%20NF/SCM/Omkar/26DSCM0909-Maintenance_unboxing.pptx?web=1&action=edit",,,,,,,,,,,,,,,,,,,,,,,,,,,,,,,,,,,,,,,,,,,,,,,,,"26DSCM0909"
"SCM","Inventory Management","Inventory Management","Inventory Management_unboxing","NA","11.13.26.10.0","NA","NA","Unboxing","NA","NA","NA","NA","Aruna Chidambaram","Adrita","Kirthika",,"Yes",,"No","No",,,,,"Yes","10/9/2026","Single NF",,,,,,,,,,,,,,,,,,,,,,,,,,,,,,,,,,,,,,,,,,,,,,,,,,,,,,,,,"26DSCM0910"
"SCM","Product Lifecycle Management","Product Lifecycle Management","Product Lifecycle Management_unboxing","NA","11.13.26.10.0","NA","NA","Unboxing","NA","NA","NA","NA","Aruna Chidambaram","Adrita","Kirthika",,"Yes",,"Yes","Yes","1Z0-1078-26: Oracle Product Lifecycle Management 2026 Implementation Professional","Oracle Product Lifecycle Management 2026 Implementation Professional (1D0-1078-26-D)","Oracle SCM Cloud: Product Management Implementation","Become a Certified Product Lifecycle Management Implementer","Yes","10/9/2026","Single NF",,,,,,,,,,,,,,,,,,,,,,,,,,,,,,,,,,,,,,,,,,,,,,,,,,,,,,,,,"26DSCM0911"
"SCM","Manufacturing","Manufacturing","Manufacturing_unboxing","NA","11.13.26.10.0","NA","NA","Unboxing","NA","NA","NA","NA","Aruna Chidambaram","Adrita","David Nelson",,,,,,,,,,,,,,,,,,,,,,,,,,,,,,,,,,,,,,,,,,,,,,,,,,,,,,,,,,,,,,,,,,,,,"26DSCM0912"
"SCM","Configurator","Configurator","Configurator_unboxing","NA","11.13.26.10.0","NA","NA","Unboxing","NA","NA","NA","NA","Aruna Chidambaram","Adrita","Farrell",,,,,,,,,,,,,,,,,,,,,,,,,,,,,,,,,,,,,,,,,,,,,,,,,,,,,,,,,,,,,,,,,,,,,"26DSCM0913"
"SCM","SCM Common Components","SCM Common Components","SCM Common Components_unboxing","NA","11.13.26.10.0","NA","NA","Unboxing","NA","NA","NA","NA","Aruna Chidambaram","Adrita","Nick",,"Yes",,,,,,,,,,,,,,,,,,,,,,,,,,,,,,,,,,,,,,,,,,,,,,,,,,,,,,,,,,,,,,,,,,,"26DSCM0914"
"SCM","Quality Management","Quality Management","Quality Management_unboxing","NA","11.13.26.10.0","NA","NA","Unboxing","NA","NA","NA","NA","Aruna Chidambaram","Adrita","David Nelson",,,,,,,,,,,,,,,,,,,,,,,,,,,,,,,,,,,,,,,,,,,,,,,,,,,,,,,,,,,,,,,,,,,,,"26DSCM0915"
"SCM","Collaboration Messaging","Collaboration Messaging","Collaboration Messaging_unbxoing","NA","11.13.26.10.0","NA","NA","Unboxing","NA","NA","NA","NA","Aruna Chidambaram","Adrita","Nick",,"No","CDL Bandwidth",,,,,,,,,,,,,,,,,,,,,,,,,,,,,,,,,,,,,,,,,,,,,,,,,,,,,,,,,,,,,,,,,,"26DSCM0916"
"SCM","Supply Chain Orchestration","Supply Chain Orchestration","Supply Chain Orchestration_unboxing","NA","11.13.26.10.0","NA","NA","Unboxing","NA","NA","NA","NA","Aruna Chidambaram","Adrita","Nick",,"Yes",,,,,,,,,,,,,,,,,,,,,,,,,,,,,,,,,,,,,,,,,,,,,,,,,,,,,,,,,,,,,,,,,,,"26DSCM0917"
"SCM","Sales and Operations Planning","Sales and Operations Planning","Sales and Operations Planning_unboxing","NA","11.13.26.10.0","NA","NA","Unboxing","NA","NA","NA","NA","Aruna Chidambaram","Adrita","Nick","Integrated Business Planning to Execution","Yes",,,,,,,,,,,,,,,,,,,,,,,,,,,,,,,,,,,,,,,,,,,,,,,,,,,,,,,,,,,,,,,,,,,"26DSCM0918"
"SCM","Advanced Inventory Management","Advanced Inventory Management","Advanced Inventory Management_unboxing","NA","11.13.26.10.0","NA","NA","Unboxing","NA","NA","NA","NA","Aruna Chidambaram","Adrita","Kirthika",,"Yes",,"No","No",,,,,"Yes","10/9/2026","Single NF",,,,,,,,,,,,,,,,,,,,,,,,,,,,,,,,,,,,,,,,,,,,,,,,,,,,,,,,,"26DSCM0919"
